original_customer,original_address,original_city,original_state,original_zip,smarty_status,smarty_customer,smarty_address,smarty_city,smarty_state,smarty_zip
130008,207 East Cedar,Houston,MN,55943,Valid,130008,207 E Cedar St,Houston,MN,55943-8713
130029,136 Misty Marie Lane,Ketchikan,AK,99901,Valid,130029,136 Misty Marie Ln,Ketchikan,AK,99901-9056
130032,12301 W Explorer Dr,Boise,ID,83713,Valid,130032,12301 W Explorer Dr,Boise,ID,83713-1571
130034,427 North Broadway Street,Joshua,TX,76058-1000,Valid,130034,427 N Broadway St,Joshua,TX,76058-3413
130037,50 W 100 N,Kamas,UT,84036,Valid,130037,50 W 100 N,Kamas,UT,84036-9738
130043,102 3rd St,ALMA,MO,64001,Valid,130043,102 W 3rd St,Alma,MO,64001-6929
130045,923 Humphrey St,Elkader,IA,52043,Valid,130045,923 Humphrey St,Elkader,IA,52043-7738
130059,22960 Pemberville OH,Luckey,OH,43443,Valid,130059,22960 Pemberville Rd,Luckey,OH,43443-9764
130062,104 East Ave K4 Suite K,Lancaster,CA,93535,Valid,130062,104 E Avenue K4 Ste K,Lancaster,CA,93535-4678
130065,524 Nebraska Ave,Arapahoe,NE,68922,Valid,130065,524 Nebraska Ave,Arapahoe,NE,68922-2832
130074,150 2nd Street SW,Perham,MN,56573,Valid,130074,150 2nd St SW,Perham,MN,56573-1461
130077,601 New Jersey Ave NS Suite 650,Washington,DC,20001,Valid,130077,601 New Jersey Ave NW Ste 650,Washington,DC,20001-3051
130081,600 Telephone Ave MS 60,Anchorage,AK,99503,Valid,130081,600 Telephone Ave # 60,Anchorage,AK,99503-6010
130090,532 Broadway Ave,Des Moines,NM,88418,Valid,130090,532 Broadway Ave,Des Moines,NM,88418-0017
130097,123 West Orchard,Delton,MI,49046,Valid,130097,123 W Orchard St,Delton,MI,49046-9569
130098,PO Box 316,Bascom,OH,44809,Valid,130098,PO Box 316,Bascom,OH,44809-0316
130103,2481 E. Palo Verde,Yuma,AZ,85365,Valid,130103,2481 E Palo Verde St,Yuma,AZ,85365-3619
130105,603 FM2093 Suite 1101,Fredericksburg,TX,78624,Valid,130105,603 FM 2093 Ste 1101,Fredericksburg,TX,78624-7672
130106,2000 Sunset Road,Lake Point,UT,84074,Valid,130106,2000 E Sunset Rd,Lake Point,UT,84074-9779
130116,1805 N Dixie Hwy,Lima,OH,45801,Valid,130116,1805 N Dixie Hwy,Lima,OH,45801-3255
130120,110 Jess Street,Bernard,IA,52032,Valid,130120,110 Jess St,Bernard,IA,52032-4400
130123,808 North Fifth Street,Alpine,TX,79830,Valid,130123,808 N 5th St,Alpine,TX,79830-3002
130124,24 S. Minnesota,Cape Girardeau,MO,63702,Valid,130124,24 S Minnesota St,Cape Girardeau,MO,63703-6031
130126,PO BOX 276,Byers,CO,80103,Valid,130126,PO Box 276,Byers,CO,80103-0276
130132,1221 North Russell Street,Missoula,MT,59808-6568,Valid,130132,1221 N Russell St,Missoula,MT,59808-1805
130133,1025 Connecticut Ave. N.W. Suite 1000,WASHINGTON,DC,20036,Valid,130133,1025 Connecticut Ave NW Ste 1000,Washington,DC,20036-5417
130144,1559 Pony Express Highway,Home,KS,66438,Valid,130144,1559 Pony Express Hwy,Home,KS,66438-9000
130154,112 East Main Street,Breda,IA,51436,Valid,130154,112 E Main St,Breda,IA,51436-8703
130161,1772 Steiger Lake Ln,Victoria,MN,55386,Valid,130161,1772 Stieger Lake Ln,Victoria,MN,55386-7720
130183,210 E. Earll Drive,Phoenix,AZ,85012-2626,Valid,130183,210 E Earll Dr,Phoenix,AZ,85012-2626
130189,513 Main Street,Copperopolis,CA,95228,Valid,130189,513 Main St,Copperopolis,CA,95228-9496
130192,111 East First Street,Geneseo,IL,61254,Valid,130192,111 E 1st St,Geneseo,IL,61254-2123
130193,130 Superior Street,Cambridge,ID,83610,Valid,130193,130 N Superior St,Cambridge,ID,83610-2001
130201,25 S Colorado St,Carnegie,OK,73015,Valid,130201,25 S Colorado,Carnegie,OK,73015-9403
130208,100 Redbud Rd,Virginia,IL,62691,Valid,130208,100 Redbud Rd,Virginia,IL,62691-9027
130218,1 Utility Parkway,Cedar Falls,IA,50613,Valid,130218,1 Utility Pkwy,Cedar Falls,IA,50613-3358
130250,104 West Main Street,Madelia,MN,56062,Valid,130250,104 W Main St,Madelia,MN,56062-1440
130254,1177 Bishop St Ste 17,Honolulu,HI,96813,Valid,130254,1177 Bishop St Ste 17,Honolulu,HI,96813-6719
130258,11 S Madison Ave,Cookeville,TN,38501,Valid,130258,11 S Madison Ave,Cookeville,TN,38501-3356
130263,1905 Walnut St.,Higginsville,MO,64037,Valid,130263,1905 Walnut St,Higginsville,MO,64037-1534
130268,426 N WAYNE ST,WARREN,IN,46792,Valid,130268,426 N Wayne St,Warren,IN,46792-9454
130275,2970 Tongass Ave,Ketchikan,AK,99901-5742,Valid,130275,2970 Tongass Ave,Ketchikan,AK,99901-5742
130279,2 E McClain Ave,Scottsburg,IN,47170,Valid,130279,2 E McClain Ave,Scottsburg,IN,47170-1844
130287,11767 East Clarksville Road,,IL,11767,Valid,130287,11767 East Clarksville Road,Nan,IL,11767
130307,POBox 608,Santa Anna,TX,76878,Valid,130307,PO Box 608,Santa Anna,TX,76878-0608
130309,7280 Rapid City Rd,Rapid City,MI,49676,Valid,130309,7280 Rapid City Rd NW,Rapid City,MI,49676-9487
130311,4915 US Hwy 77 South,PO Box 130,LA,78945,Valid,130311,4915 S US Highway 77,La Grange,TX,78945-5932
130315,6100 Hwy 16,DeLeon,TX,76444,Valid,130315,6100 Highway 16,De Leon,TX,76444-6620
130316,1211 W. Sharon Road,Cincinnati,OH,45240,Valid,130316,1211 W Sharon Rd,Cincinnati,OH,45240-2916
130325,2898 350th St.,Hull,IA,51239,Valid,130325,2898 350th St,Hull,IA,51239-7525
130327,10184 State Hwy 25 E,,TX,10184,Valid,130327,10184 State Hwy 25 E,Nan,TX,10184
130329,343 Grant Rd.,East Wenatchee,WA,98802,Valid,130329,343 Grant Rd,East Wenatchee,WA,98802-5333
130331,1162 Barrow St.,Houma,LA,70360,Valid,130331,1162 Barrow St,Houma,LA,70360-5693
130344,516 Sherman St,Menlo,IA,50164,Valid,130344,516 Sherman St,Menlo,IA,50164-1027
130349,329 Fairbanks Street,Valdez,AK,99686,Valid,130349,329 Fairbanks Street,Valdez,AK,99686
130353,108 Main Street,Wall Lake,IA,51466,Valid,130353,108 Main St,Wall Lake,IA,51466-7715
130366,101 Cimarron Street,Mannford,OK,74044,Valid,130366,101 Cimarron Dr,Mannford,OK,74044
130378,1101 E Main AVE,Challis,ID,83226,Valid,130378,1101 E Main Ave,Challis,ID,83226
130385,4200 Teal Rd.,Petersburg,MI,49270,Valid,130385,4200 Teal Rd,Petersburg,MI,49270-9304
130400,610 S. Main St.,Dell City,TX,79837,Valid,130400,610 S Main St,Dell City,TX,79837
130453,455 East Highway 29,Orangeville,UT,84537,Valid,130453,455 E Highway 29,Orangeville,UT,84537
130458,7111 N Prince St,Clovis,NM,88102,Valid,130458,7111 N Prince St,Clovis,NM,88101-9730
130464,1013 State Highway 155 N,Gilmer,TX,75644,Valid,130464,1013 State Highway 155,Gilmer,TX,75644
130477,801 19th Street,HARLAN,IA,51537,Valid,130477,801 19th St,Harlan,IA,51537-1248
130479,319 SW 3rd St,Fruitland,ID,83619,Valid,130479,319 SW 3rd St,Fruitland,ID,83619-2585
130481,720 N Perry St,Napoleon,OH,43545,Valid,130481,720 N Perry St,Napoleon,OH,43545-1501
130487,26077 Hwy 491,PLEASANT VIEW,CO,81331,Valid,130487,26077 Highway 491,Pleasant View,CO,81331-5055
130489,615 Iowa Street,Essex,IA,51638,Valid,130489,615 Iowa Ave,Essex,IA,51638-3084
130490,1101 East Main Street,Kingstree,SC,29556,Valid,130490,1101 E Main St,Kingstree,SC,29556-4105
130492,120 Stewart Street,Bernie,MO,63822,Valid,130492,120 Stewart St,Bernie,MO,63822-9789
130500,1420 South Blaine Suite 10,Moscow,ID,83843,Valid,130500,1420 S Blaine St Ste 10,Moscow,ID,83843-3973
130502,PO Box 448,MULESHOE,TX,79347,Valid,130502,PO Box 448,Muleshoe,TX,79347-0448
130509,8490 South Highway 95  Suite 104,Mojave Valley,AZ,86440,Valid,130509,8490 S Highway 95 Ste 104,Mohave Valley,AZ,86440-9247
130527,800 Central Ave N.,Brandon,MN,56315,Valid,130527,800 Central Ave N,Brandon,MN,56315-4622
130532,9155 N County Rd 200 E,Frankfort,IN,46041-7799,Valid,130532,9155 N County Road 200 E,Frankfort,IN,46041-7799
130534,2550 Denali St Suite 100,Anchorage,AK,99503-2737,Valid,130534,2550 Denali St Ste 100,Anchorage,AK,99503-2783
130546,510 West Gage St.,Blue Hill,NE,68930,Valid,130546,510 W Gage St,Blue Hill,NE,68930-8000
130553,927 North Parkerson Avenue,Crowley,LA,70527,Valid,130553,927 N Parkerson Ave,Crowley,LA,70526-3608
130559,705 Clinton Street,Grand Mound,IA,52751,Valid,130559,705 Clinton St,Grand Mound,IA,52751-7707
130580,29 S Main,Gunnison,UT,84634,Valid,130580,29 S Main St,Gunnison,UT,84634-7706
130581,108 N Main,Holyrood,KS,67450,Valid,130581,108 N Main St,Holyrood,KS,67450-9690
130584,201E Rt 142,Dahlgren,IL,62828,Valid,130584,201 E Route 142,Dahlgren,IL,62828-4503
130588,2255 Kimseys Run Rd,Lost River,WV,26810,Valid,130588,2255 Kimseys Run Rd,Lost River,WV,26810-8317
130590,35 1st Ave NE,,NE,55939,Valid,130590,35 1st Ave NE,Harmony,MN,55939-1209
130598,PO Box 130,Union,IA,50258,Valid,130598,PO Box 130,Union,IA,50258-0130
130605,110 South Linclon Ave,Hershey,NE,69143,Valid,130605,110 S Lincoln Ave,Hershey,NE,69143-4508
130606,58 Johnson Street,Winona,MN,55987,Valid,130606,58 Johnson St,Winona,MN,55987-3420
130612,220 Carolyn St,Ingram,TX,78025,Valid,130612,220 Carolyn St,Ingram,TX,78025-3193
130614,PO Box 1040,Hinton,OK,73047,Valid,130614,PO Box 1040,Hinton,OK,73047-1040
130622,10410 US Hwy 10 W,Missoula,MT,59808,Valid,130622,10410 US Highway 10 W,Missoula,MT,59808-9153
130624,213 S. Main St.,Waterloo,IL,62298,Valid,130624,213 S Main St,Waterloo,IL,62298-1325
130631,104 Crook St,Coin,IA,51636,Valid,130631,104 Crook St,Coin,IA,51636-2039
130634,9 Park Place,Carbondale,PA,18407,Valid,130634,9 Park Pl,Carbondale,PA,18407-2330
130647,4460 happy springs rd,Redboiling springs,TN,37150,Valid,130647,2027 Happy Springs Rd,Red Boiling Springs,TN,37150-5165
130651,103 South 2nd St,Roslyn,WA,98941,Valid,130651,103 S 2nd St,Roslyn,WA,98941-5811
130663,1225 Sage Street,Gering,NE,69341,Valid,130663,1225 Sage St,Gering,NE,69341-3227
130673,234 E 1st Ave,Groton,SD,57445,Valid,130673,234 E 1st Ave,Groton,SD,57445-2366
130682,510 B. Avenue,Kalona,IA,52247-1208,Valid,130682,510 B Ave,Kalona,IA,52247-7720
130684,21 N Main,Caldwell,KS,67022,Valid,130684,21 N Main St,Caldwell,KS,67022-1529
130685,110 N Irving Dr.,Kaplan,LA,70549,Valid,130685,110 N Irving Ave,Kaplan,LA,70548-4913
130690,PO Box 150,Nicholville,NY,12965,Valid,130690,PO Box 150,Nicholville,NY,12965-0150
130692,710 West Main Street,Sterling,CO,80751,Valid,130692,710 W Main St,Sterling,CO,80751-2922
130707,PO Box 23320,Santa Fe,NM,87502,Valid,130707,PO Box 23320,Santa Fe,NM,87502-3320
130709,400 Pine Street,PO Box 8,LA,52054,Valid,130709,400 Pine St,La Motte,IA,52054-9488
130711,109 W 6TH Street,La harpe,KS,66751,Valid,130711,109 W 6th St,La Harpe,KS,66751-1518
130728,220 W. Broadway,Hobbs,NM,88240,Valid,130728,220 W Broadway St,Hobbs,NM,88240-6004
130741,279 Ponce De Leon Avenue,San Juan,PR,918,Valid,130741,279 Ave Ponce de Leon,San Juan,PR,00917-1920
130743,747 Main Street,Pioche,NV,89043,Valid,130743,747 Main St,Pioche,NV,89043
130748,230 E 3rd St,Lismore,MN,56155,Valid,130748,230 S 3rd Ave,Lismore,MN,56155-4017
130749,555 E. Main Street,Evansville,WI,53536,Valid,130749,555 E Main St,Evansville,WI,53536-1177
130757,501 4th Street,Sergeant Bluff,IA,51054,Valid,130757,501 4th St,Sergeant Bluff,IA,51054-8509
130771,117 North Third Street,Madison,KS,66860,Valid,130771,117 N 3rd St,Madison,KS,66860-9547
130772,25 Magtel Drive,Booneville,AR,72927,Valid,130772,25 Magtel Ln,Booneville,AR,72927-6105
130774,210 South D Street,Oskaloosa,IA,52577,Valid,130774,210 S D St,Oskaloosa,IA,52577-2656
130781,48054 State Highway 6,Hurdland,MO,63547,Valid,130781,48054 State Highway 6,Hurdland,MO,63547-4093
130787,211 Main,Massena,IA,50853,Valid,130787,211 Main St,Massena,IA,50853-1032
130794,PO Box 266,MANNFORD,OK,74044,Valid,130794,PO Box 266,Mannford,OK,74044-0266
130804,One Mediacom Way,Mediacom Park,NY,10918,Valid,130804,1 Mediacom Way,Mediacom Park,NY,10918-4810
130805,652 Main Street,Mediapolis,IA,52637,Valid,130805,652 Main St,Mediapolis,IA,52637-7731
130814,29 N. Central Ave.,Staunton,VA,24401,Valid,130814,29 N Central Ave,Staunton,VA,24401-4212
130817,Box 328 1120 Old Elkins RD,Buckhannon,WV,26201,Valid,130817,1120 Old Elkins Rd,Buckhannon,WV,26201-3568
130821,3600 Minnesota Drive Suite 700,Minneapolis,MN,55435,Valid,130821,3600 Minnesota Dr Ste 700,Minneapolis,MN,55435-7918
130826,904 C Avenue,Circle,MT,59215,Valid,130826,904 C Ave,Circle,MT,59215-7567
130829,4100 Oklahoma Ave,Trenton,MO,64683,Valid,130829,4100 Oklahoma Ave,Trenton,MO,64683-3425
130831,2120 L Street  N.W. Suite 300,Washington,DC,20037,Valid,130831,2120 L St NW Ste 300,Washington,DC,20037-1563
130833,812 South 10th Street,Saint Joseph,MO,64501-3694,Valid,130833,812 S 10th St,Saint Joseph,MO,64501-3612
130834,1567 E. 93rd Ave.,MERRILLVILLE,IN,46410-7039,Valid,130834,1567 E 93rd Ave,Merrillville,IN,46410-6483
130845,100 S. Main,Woodward,IA,50276,Valid,130845,100 S Main St,Woodward,IA,50276-7707
130853,311 N MARKET ST,Monon,IN,47959,Valid,130853,311 N Market St,Monon,IN,47959-8193
130860,145 N. Main,Lenora,KS,67659,Valid,130860,145 N Main,Lenora,KS,67645
130862,200 E. Main Street,Mount Horeb,WI,53572,Valid,130862,200 E Main St,Mount Horeb,WI,53572-2104
130874,59 W Main St.,Dubois,ID,83423,Valid,130874,59 W Main St,Dubois,ID,83423-7724
130877,339 1st Ave.  N.E.,Sioux Center,IA,51250,Valid,130877,339 1st Ave NE,Sioux Center,IA,51250-1801
130878,28 West Division Street,Morning Sun,IA,52640,Valid,130878,28 W Division St,Morning Sun,IA,52640-7623
130886,1224 West Platte Avenue,Fort Morgan,CO,80701,Valid,130886,1224 W Platte Ave,Fort Morgan,CO,80701-2949
130887,1006 12th Street,Aurora,NE,68818,Valid,130887,1006 12th St,Aurora,NE,68818-2003
130890,61 HWY 13 South 61 Hwy 13 S,Scobey,MT,59263,Valid,130890,61 Highway 13 S,Scobey,MT,59263-7753
130903,301 WEST SOUTH STREET,NEW KNOXVILLE,OH,45871-219,Valid,130903,301 W South St,New Knoxville,OH,45871-9127
130904,6369 East Dublin Pike,New Lisbon,IN,47366,Valid,130904,6369 East Dublin Pike,New Lisbon,IN,47366
130906,PO BOX 428,HECTOR,MN,55342,Valid,130906,PO Box 428,Hector,MN,55342-0428
130919,104 W Walker St,Wittenberg,WI,54499,Valid,130919,104 W Walker St,Wittenberg,WI,54499-9282
130921,301 North Washington Street,Hebron,IN,46341,Valid,130921,301 N Washington St,Hebron,IN,46341-8973
130926,PO Box 959,Wilkesboro,NC,28697,Valid,130926,PO Box 959,Wilkesboro,NC,28697-0959
130937,450 Security Blvd.,Green Bay,WI,54313,Valid,130937,450 Security Blvd,Green Bay,WI,54313-9705
130938,800 S. Main St.,Monona,IA,52159,Valid,130938,800 S Main St,Monona,IA,52159-8039
130953,844 Wood Street,Havelock,IA,50546,Valid,130953,844 Wood St,Havelock,IA,50546-7593
130962,421 Main Street,Nucla,CO,81424,Valid,130962,421 Main St,Nucla,CO,81424-5186
130967,767 N,Porterville,CA,93257,Valid,130967,767 W North Ave,Porterville,CA,93257
130999,890 S. Marine Corps Dr,Tamuning,GU,96913,Valid,130999,890 S Marine Corps Dr,Tamuning,GU,96913-3458
131007,603 S Main,Guymon,OK,73942,Valid,131007,603 S Main St,Guymon,OK,73942-5543
131008,114 East Main Street,Panora,IA,50216,Valid,131008,114 E Main St,Panora,IA,50216-1131
131009,100 Main Street,Underwood,MN,56586,Valid,131009,100 Main St,Underwood,MN,56586
131016,255 PINE AVE N,OLDSMAR,FL,34677,Valid,131016,255 Pine Ave N,Oldsmar,FL,34677-4630
131017,6285 Lehman Dr. Ste. 100,Colorado Springs,CO,80918,Valid,131017,6285 Lehman Dr Ste 100,Colorado Springs,CO,80918-1497
131019,PO Box 9,Peace Valley,MO,65788,Valid,131019,PO Box 9,Peace Valley,MO,65788-0009
131021,601 Main,Peetz,CO,80747,Valid,131021,601 Main St,Peetz,CO,80747-5023
131025,4011 West Main,Artesia,NM,88210,Valid,131025,4011 W Main St,Artesia,NM,88210-9566
131031,102 N. Stephens St.,Quitman,TX,75783,Valid,131031,102 N Stephens St,Quitman,TX,75783-2202
131034,240 South Interocean,Holyoke,CO,80734,Valid,131034,240 S Interocean Ave,Holyoke,CO,80734-1535
131039,210 N Park,Broken Bow,OK,74728,Valid,131039,210 N Park Dr,Broken Bow,OK,74728-3964
131043,611 Patterson  Box 490,Cambridge,NE,69022,Valid,131043,611 Patterson St # 490,Cambridge,NE,69022-6597
131044,PO Box 707,Ulysses,KS,67880,Valid,131044,PO Box 707,Ulysses,KS,67880-0707
131045,108 E. ROBBERTS AVENUE,KINGFISHER,OK,73750,Valid,131045,108 E Robberts Ave,Kingfisher,OK,73750-2742
131046,1304 Main St.,Philomath,OR,97370,Valid,131046,1304 Main St,Philomath,OR,97370-2015
131050,112 S Main St,Plainview,NE,68769,Valid,131050,112 S Main St,Plainview,NE,68769-4121
131055,PO Box 1340,Tahoka,TX,79373-1340,Valid,131055,PO Box 1340,Tahoka,TX,79373-1340
131057,47034 Road 201,,CA,47034,Valid,131057,47034 Road 201,Nan,CA,47034
131075,507 G Street,Rupert,ID,83350,Valid,131075,507 G St,Rupert,ID,83350-1648
131076,PO Box 669,Reynolds,GA,31076,Valid,131076,PO Box 669,Reynolds,GA,31076-0669
131090,12 South First Street,Dubois,WY,82513,Valid,131090,12 S 1st St,Dubois,WY,82513
131096,121 Main St.,Readlyn,IA,50668,Valid,131096,121 Main St,Readlyn,IA,50668-7732
131097,510 Broadway,Abercrombie,ND,58001-136,Valid,131097,510 Broadway,Abercrombie,ND,58001-8118
131106,221 West Main ST,Reynolds,IL,61279-27,Valid,131106,221 W Main St,Reynolds,IL,61279-1202
131116,106 E Robins Street,Graettinger,IA,51342,Valid,131116,106 E Robins St,Graettinger,IA,51342-7726
131117,104 South 8th Street,Riviera,TX,78379,Valid,131117,104 S 8th St,Riviera,TX,78379
131122,205 Main Street,New Effington,SD,57255,Valid,131122,205 Main St,New Effington,SD,57255-7722
131124,117 W 8th St,Rochester,IN,46975,Valid,131124,117 W 8th St,Rochester,IN,46975-1509
131126,214 S. Main Street,Rock Port,MO,64482,Valid,131126,214 S Main St,Rock Port,MO,64482-1532
131128,519 Front Street,Roggen,CO,80652-100,Valid,131128,519 Front St,Roggen,CO,80652-5011
131129,312 Main Street SW,Ronan,MT,59864,Valid,131129,312 Main St SW,Ronan,MT,59864-2707
131131,201 W 2nd St,Portales,NM,88130,Valid,131131,201 W 2nd St,Portales,NM,88130-6231
131139,100 RUNESTONE DRIVE,HOFFMAN,MN,56339-336,Valid,131139,100 Runestone Dr,Hoffman,MN,56339-3001
131141,145 N. Main St,Lenora,KS,67645,Valid,131141,145 N Main St,Lenora,KS,67645
131145,320 KANSAS AVE,BREWSTER,KS,67732,Valid,131145,320 Kansas Ave,Brewster,KS,67732-8674
131148,10190 E. McKellips Rd,,AZ,10190,Valid,131148,10190 E. Mckellips Rd,Nan,AZ,10190
131180,111 State and Broadway,Lovington,IL,61937,Valid,131180,111 N Broadway St,Lovington,IL,61937-1061
131190,PO Box 226,Freedom,WY,83120,Valid,131190,PO Box 226,Freedom,WY,83120-0226
131191,5225 N. Sabino Canyon Rd.,Tucson,AZ,85750,Valid,131191,5225 N Sabino Canyon Rd,Tucson,AZ,85750-6435
131207,15533 Johnson Place,,CA,15533,Valid,131207,15533 Johnson Place,Nan,CA,15533
131208,1500 South White Mountain Road,Show Low,AZ,85901,Valid,131208,1500 S White Mountain Rd,Show Low,AZ,85901-7111
131219,318 N 100 East,Kanab,UT,84741,Valid,131219,318 N 100 E,Kanab,UT,84741-3345
131234,939 South Texas Hwy 55,Rocksprings,TX,78880,Valid,131234,939 S State Highway 55,Rocksprings,TX,78880-3446
131250,PO BOX 716,Stanton,NE,68779,Valid,131250,PO Box 716,Stanton,NE,68779-0716
131261,127 Sun Street,Stelle,IL,60919,Valid,131261,127 Sun St,Cabery,IL,60919-5502
131285,PO Box 97,Swayzee,IN,46986,Valid,131285,PO Box 97,Swayzee,IN,46986-0097
131286,210 N. Main Street,Sweetser,IN,46987,Valid,131286,210 N Main St,Sweetser,IN,46987
131296,9796 N I-20,Merkel,TX,79536-370,Valid,131296,9796 Interstate 20,Merkel,TX,79536-4114
131309,624 N Marine Corp Drive,Tamuning,GU,96913,Valid,131309,624 N Marine Corps Dr,Tamuning,GU,96913-4401
131310,525 Junction Road  SUITE 7000,Madison,WI,53717,Valid,131310,525 Junction Rd Ste 7000,Madison,WI,53717-2152
131320,111 Harrison Ave. Ste. LL-001,Oklahoma City,OK,73104-1816,Valid,131320,111 Harrison Ave Ste LL001,Oklahoma City,OK,73104-1819
131329,126 Scioto Street,Urbana,OH,43078,Valid,131329,126 Scioto St,Urbana,OH,43078-2126
131347,183 Plomondon Road,Toledo,WA,98591,Valid,131347,183 Plomondon Rd,Toledo,WA,98591-9709
131362,120 EAST 1ST ST,LEWISVILLE,AR,71845,Valid,131362,120 E 1st St,Lewisville,AR,71845-7861
131366,1601 S Park Dr,Cody,WY,82414,Valid,131366,1601 S Park Dr,Cody,WY,82414-4330
131367,2121 Highway 2 NW,Havre,MT,59501,Valid,131367,2121 US Highway 2 NW,Havre,MT,59501-6115
131378,396 Griffin Road  Suite 110,Bangor,ME,4401,Valid,131378,396 Griffin Rd Ste 110,Bangor,ME,04401-3023
131379,3205 Cedar Street,Muscatine,IA,52761,Valid,131379,3205 Cedar St,Muscatine,IA,52761-2204
131383,503 St Francis Dr,Tularosa,NM,88352,Valid,131383,503 St Francis Dr,Tularosa,NM,88352-2727
131384,4100 Plantation Dr,Cookeville,TN,38506,Valid,131384,4100 Plantation Dr,Cookeville,TN,38506-3011
131387,211 East 200 North,Roosevelt,UT,84066-398,Valid,131387,211 E 200 N,Roosevelt,UT,84066-2343
131394,216 N Main,Everly,IA,51338,Valid,131394,216 N Main St,Everly,IA,51338-7729
131395,1107 McArtor Rd,Dodge City,KS,67801-117,Valid,131395,1107 W McArtor Rd,Dodge City,KS,67801-6031
131396,120 Taylor St,Chapel Hill,TN,37034,Valid,131396,120 Taylor St,Chapel Hill,TN,37034-3123
131400,1331 7th Street Unit A,Berkeley,CA,94710,Valid,131400,1331 7th St Ste A,Berkeley,CA,94710-1454
131408,702 Main Avenue,Moorhead,MN,56560,Valid,131408,702 Main Ave,Moorhead,MN,56560-2752
131411,752 E Maley,Willcox,AZ,85643,Valid,131411,752 E Maley St,Willcox,AZ,85643-1303
131412,100 East Wilson,Valliant,OK,74764,Valid,131412,100 E Wilson St,Valliant,OK,74764
131413,4005 N Rodney Parham Rd  Mailstop F01-1114B,Little Rock,AR,72212,Valid,131413,4005 N Rodney Parham Rd Stop F11114-B,Little Rock,AR,72212-2442
131416,PO Box 700,Ducor,CA,93218,Valid,131416,PO Box 700,Ducor,CA,93218-0700
131418,187 N Water St,Vaughnsville,OH,45893,Valid,131418,187 N Water St,Vaughnsville,OH,45893-6515
131421,PO Box 6,Escalon,CA,95320-6,Valid,131421,PO Box 6,Escalon,CA,95320-0006
131431,1106 13th St P O Box 309,Viola,IL,61486,Valid,131431,1106 13th St,Viola,IL,61486-9446
131444,6670 Wabash Rd.,Celina,OH,45822,Valid,131444,6670 Wabash Rd,Celina,OH,45822-9739
131448,1009 Lincoln Ave,Wamego,KS,66547,Valid,131448,1009 Lincoln Ave,Wamego,KS,66547-1501
131453,24029 Udall Road,Parsons,KS,67357,Valid,131453,24029 Udall Rd,Parsons,KS,67357-8427
131463,413 North Calhoun Street,West Liberty,IA,52776,Valid,131463,413 N Calhoun St,West Liberty,IA,52776-1344
131475,PO Box 99,Rosburg,WA,98643,Valid,131475,PO Box 99,Rosburg,WA,98643-0099
131476,1500 W. Business 20,Stanton,TX,79782,Valid,131476,1500 W Business 20,Stanton,TX,79782
131482,222 South Main Street,Karlstad,MN,56732-217,Invalid,131482,,,,
131486,1400 River Street,Wilkesboro,NC,28697,Valid,131486,1400 River St,Wilkesboro,NC,28697-2108
131497,17813 E. Appleway Avenue,Spokane Valley,WA,99016,Valid,131497,17813 E Appleway Ave,Spokane Valley,WA,99016-8531
131506,337 Aetna St,Ruthton,MN,56170,Valid,131506,337 Aetna St,Ruthton,MN,56170-5005
131507,227 West Herman St.,Woolstock,IA,50599,Valid,131507,227 W Herman St,Woolstock,IA,50599-7708
131512,12324 US Hwy 87,Dalhart,TX,79022,Valid,131512,12324 US Highway 87,Dalhart,TX,79022-8201
131613,PO Box 308,Sully,IA,50251,Valid,131613,PO Box 308,Sully,IA,50251-0308
140033,PO BOX 89,Filer,ID,83328,Valid,140033,PO Box 89,Filer,ID,83328-0089
140043,6 E. Aspen  Suite 240,Flagstaff,AZ,86001,Valid,140043,6 E Aspen Ave Ste 240,Flagstaff,AZ,86001-5260
140048,61 Inverness Dr E  Suite 250,Englewood,CO,80112,Valid,140048,61 Inverness Dr E Ste 250,Englewood,CO,80112-5147
140064,417 Wayne Avenue  Suite 102,Defiance,OH,43512,Valid,140064,417 Wayne Ave Ste 102,Defiance,OH,43512-2663
140078,126 N. Hobson St.,Virden,IL,62690,Valid,140078,126 N Hobson St,Virden,IL,62690-1281
140084,369 E Pioneere Ave Suite B,Homer,AK,99603,Valid,140084,369 E Pioneer Ave Ste B,Homer,AK,99603-7600
140092,22 Spruce,Miltonvale,KS,67466,Valid,140092,22 W Spruce Ave,Miltonvale,KS,67466-5026
150120,365 Main St.,Little River,KS,67457,Valid,150120,365 Main St,Little River,KS,67457-9073
150249,118 Kentucky Ave SE,Washington,DC,20003,Valid,150249,118 Kentucky Ave SE,Washington,DC,20003-1446
150250,318 Commercial Street,Diller,NE,68342,Valid,150250,318 Commercial St,Diller,NE,68342-4094
150254,1090A Pacific Ave,Bremen,GA,30110,Valid,150254,1090 Pacific Ave Ste A,Bremen,GA,30110-2292
150272,108 1st St. NE,Hampton,IA,50441,Valid,150272,108 1st St NE,Hampton,IA,50441-1834
150287,1120 N Moapa Valley Blvd,Overton,NV,89040,Valid,150287,1120 N Moapa Valley Blvd,Overton,NV,89040-9098
150290,PO Box 191995,San Juan,PR,00919-1995,Valid,150290,PO Box 191995,San Juan,PR,00919-1995
150313,5901 -J Wyomiong Blvd NE #266,,NE,87109,Valid,150313,5901J Wyoming Blvd NE PMB 266,Albuquerque,NM,87109-3866
150323,601 N. Deer Creek Drive E.,Leland,MS,38756,Valid,150323,601 NE Deer Creek Dr,Leland,MS,38756-3015
150327,30208 US Hwy 136,Maryville,MO,64468,Valid,150327,30208 US Highway 136,Maryville,MO,64468-8353
150330,16885 SW Mannsland Place,,OR,16885,Valid,150330,16885 SW Mannsland Place,Nan,OR,16885
150335,1815 E. Jackson St.,El Campo,TX,77437,Valid,150335,1815 E Jackson St,El Campo,TX,77437-4706
150336,12800 NW Bishop Road,Hillsboro,OR,97124,Valid,150336,12800 NW Bishop Rd,Hillsboro,OR,97124-8111
150339,CENTRO INTERNACIONAL DE MERCADEO 90 CARR 165 SUITE 201,GUAYNABO,PR,968,Valid,150339,90 Carr 165 Ste 201,Guaynabo,PR,00968-8059
150341,PO Box 962,GARDINER,MT,59030,Valid,150341,PO Box 962,Gardiner,MT,59030-0962
160103,7251 Cemetery Rd,Curran,MI,48728,Valid,160103,7251 Cemetery Rd,Curran,MI,48728-9780
160127,314 W Yankie Street,Silver City,NM,88062,Valid,160127,314 W Yankie St,Silver City,NM,88061-4938
160141,73233 State Route 70,Portola,CA,96122,Valid,160141,73233 State Route 70,Portola,CA,96122-7064
160151,1165 South 6th Street,Macclenny,FL,32063,Valid,160151,1165 S 6th St,Macclenny,FL,32063-4620
160160,101 3rd Avenue SW Suite 400,Cedar Rapids,IA,52404,Valid,160160,101 3rd Ave SW Ste 400,Cedar Rapids,IA,52404-5736
160162,913 La Paloma Road,Key Largo,FL,33037,Valid,160162,913 La Paloma Rd,Key Largo,FL,33037-4694
170012,PO Box 478,Pago Pago,AS,96799,Valid,170012,PO Box 478,Pago Pago,AS,96799-0478
170025,131 S. Main St.,Mount Pleasant,MI,48858,Valid,170025,131 S Main St,Mount Pleasant,MI,48858-2330
170047,47084 Black Walnut Pkwy.,Woodsfield,OH,43793,Valid,170047,47084 Black Walnut Pkwy,Woodsfield,OH,43793-9560
170054,435 E. Tabernacle Street  Suite 201,St. George,UT,84770,Valid,170054,435 E Tabernacle St Ste 201,Saint George,UT,84770-2983
170071,7400 Mineral Drive Suite 300,Coeur d'Alene,ID,83815,Valid,170071,7400 N Mineral Dr Ste 300,Coeur D Alene,ID,83815-5331
180048,1801 North Himes Avenue,Tampa,FL,33607,Valid,180048,1801 N Himes Ave,Tampa,FL,33607-4216
180064,3406 McNiel Ave,Wichita Falls,TX,76308,Valid,180064,3406 McNiel Ave,Wichita Falls,TX,76308-1503
190002,PO Box 101,Whitethorn,CA,95589,Valid,190002,PO Box 101,Whitethorn,CA,95589-0101
190003,205 E Henderson,Cleburne,TX,76031,Valid,190003,205 E Henderson St,Cleburne,TX,76031-4103
190025,2765 Michigan Ave Rd NE,Cleveland,TN,37323,Valid,190025,2765 Michigan Avenue Rd NE,Cleveland,TN,37323-5404
190053,1325 Barksdale Blvd Suite 100,Bossier City,LA,71111,Valid,190053,1325 Barksdale Blvd Ste 100,Bossier City,LA,71111-4600
190059,3467 Township Line Road,Poplar Bluff,MO,63901,Valid,190059,3467 Township Line Rd,Poplar Bluff,MO,63901-1519
190083,PO BOX 1629,Coffeyville,KS,67337,Valid,190083,PO Box 1629,Coffeyville,KS,67337-8029
190101,102 S Eastern St,Sanborn,IA,51248,Valid,190101,102 S Eastern St,Sanborn,IA,51248-1138
190103,451 W. South St,Freeport,IL,61032,Valid,190103,451 W South St,Freeport,IL,61032-6833
190123,1065 Marauder Street,Chico,CA,95973,Valid,190123,1065 Marauder St,Chico,CA,95973-9039
190139,301 N. Trade St.,Tryon,NC,28782,Valid,190139,301 N Trade St,Tryon,NC,28782-3015
190150,1605 9th Street,Sioux City,IA,51101,Valid,190150,1605 9th St,Sioux City,IA,51101-2019
190155,14530 South Commercial,,CA,14530,Valid,190155,14530 South Commercial,Nan,CA,14530
190169,705 Madison St.,Lake Geneva,WI,53147,Valid,190169,705 Madison St,Lake Geneva,WI,53147-1453
190187,1820 East 9th Street,Hopkinsville,KY,42240,Valid,190187,1820 E 9th St,Hopkinsville,KY,42240-4459
190208,102 State Route 850,Gallipolis,OH,45631,Valid,190208,102 State Route 850,Gallipolis,OH,45631-9023
190211,1362 Wabash Ave,Terre Haute,IN,47807,Valid,190211,1362 Wabash Ave,Terre Haute,IN,47807-3314
190233,PO Box 105,Lawton,OK,73502,Valid,190233,PO Box 105,Lawton,OK,73502-0105
190236,3400 SW Van Buren Street,Topeka,KS,66611,Valid,190236,3400 SW Van Buren St,Topeka,KS,66611-2228
190244,PO Box A,GRANITE FALLS,MN,56241,Valid,190244,PO Box A,Granite Falls,MN,56241-0020
190265,1 N Juniata Street,Lewistown,PA,17044,Valid,190265,1 N Juniata St,Lewistown,PA,17044-2240
190280,27 Calle Gonzalez Giusti  STE 100  Edif. Tres Rios  , Guaynabo,PR,968,Valid,190280,27 Calle Gonzalez Giusti Ste 100,Guaynabo,PR,00968-3037
190284,185 Ilipog Drive  HBC 204A,Tamuning,GU,96913,Valid,190284,185 Ilipog Dr Ste 204A,Tamuning,GU,96913-4157
190303,1151 Valley Mall Parkway,East Wenatchee,WA,98802,Valid,190303,1151 Valley Mall Pkwy,East Wenatchee,WA,98802-4405
190305,2975B Manchester Road,Manchester,MD,21102,Valid,190305,2975B Manchester Rd,Manchester,MD,21102-1802
190311,448 Ignacio Blvd PMB 144,Novato,CA,94949,Valid,190311,448 Ignacio Blvd PMB 144,Novato,CA,94949-6085
190312,PO Box 430,Canon City,CO,81215,Valid,190312,PO Box 430,Canon City,CO,81215-0430
190313,190 S 1st East ST,Cheyenne Wells,CO,80810,Valid,190313,190 S 1st St E,Cheyenne Wells,CO,80810-5017
190335,219 W. Emmitt Ave,Waverly,OH,45690,Valid,190335,219 W Emmitt Ave,Waverly,OH,45690-1181
190406,11712 E. Sprague Ave #14244,Spokane Valley,WA,99214,Valid,190406,11712 E Sprague Ave Unit 14244,Spokane Valley,WA,99214-0118
190410,111 Old Mill Lane,Buhler,KS,67522,Valid,190410,111 Old Mill St,Buhler,KS,67522-2228
190419,PO Box 1150,Prosser,WA,99350,Valid,190419,PO Box 1150,Prosser,WA,99350-0953
190428,10 Telecom Lane,Peridot,AZ,85542,Valid,190428,10 Telecom Lane,Peridot,AZ,85542
190501,3307 W Commercial,Marion,IL,62959,Valid,190501,3307 W Commercial Rd,Marion,IL,62959-5509
190506,4200 Rodeo Rd,Santa Fe,NM,87507,Valid,190506,4200 Rodeo Rd,Santa Fe,NM,87507-4836
200006,2066 Sharp Rock Rd,Ava,IL,62907,Valid,200006,2066 Sharp Rock Rd,Ava,IL,62907-2528
200032,7115 Forthun Rd Suite 100,Baxter,MN,56425,Valid,200032,7115 Forthun Rd Ste 100,Baxter,MN,56425-8598
210018,97 Lake St,Elk Rapids,MI,49629,Valid,210018,97 Lake St,Elk Rapids,MI,49629-9738
210042,1100 Wayne St  Ste 1337,Troy,OH,45373,Valid,210042,1100 Wayne St Apt 1337,Troy,OH,45373-3050
210046,PO Box 807,Edenton,NC,27932,Valid,210046,PO Box 807,Edenton,NC,27932-0807
210080,64902nd Street,Traer,IA,50675,Valid,210080,64902 Nd Street,Traer,IA,50675
210092,PO Box 2600,Hot Springs,AR,71914,Valid,210092,PO Box 2600,Hot Springs,AR,71914-2600
210101,148 39th Street Suite A12,Brooklyn,NY,11232,Valid,210101,148 39th St Ste A12,Brooklyn,NY,11232-2550
210105,PO Box 1179,La Vernia,TX,78121,Valid,210105,PO Box 1179,La Vernia,TX,78121-1179
220001,PO Box 500306 CK  Tekken St.  Susupe,Saipan,GU,96950,Valid,220001,PO Box 500306,Saipan,MP,96950-0306
220007,PO BOX 5391,Maryville,TN,37802,Valid,220007,PO Box 5391,Maryville,TN,37802-5391
220015,PO Box 700452,San Antonio,TX,78270,Valid,220015,PO Box 700452,San Antonio,TX,78270-0452
220027,51061 S.R. 933,South Bend,IN,46637,Valid,220027,51061 State Road 933,South Bend,IN,46637-1610
220058,PO Box 3116,Diamond Springs,CA,95619,Valid,220058,PO Box 3116,Diamond Springs,CA,95619-3116
220061,716 E Mckinney,Denton,TX,76201,Valid,220061,716 E McKinney St,Denton,TX,76209-4363
220073,123 W. 1st St  C-95,Casper,WY,82601,Valid,220073,123 W 1st St Ste C95,Casper,WY,82601-2484
230008,7372 SW 48 Street,Miami,FL,33155,Valid,230008,7372 SW 48th St,Miami,FL,33155-5523
230011,1502 Cole Street,Enumclaw,WA,98022,Valid,230011,1502 Cole St,Enumclaw,WA,98022-3016
230022,321 E. Breckinridge,Louisville,KY,40203,Valid,230022,321 E Breckinridge St,Louisville,KY,40203-2327
230036,350 Tracie Rd,Pasco,WA,99301-8895,Valid,230036,350 Tracie Rd,Pasco,WA,99301-8895
230043,27850 Harris Rd,La Junta,CO,81050,Valid,230043,27850 Harris Rd,La Junta,CO,81050-9511
230050,PO Box 569,Lockhart,TX,78644-569,Valid,230050,PO Box 569,Lockhart,TX,78644-0569
230056,50 E Commerce Dr. Suite 106,Schaumburg,IL,60173,Valid,230056,50 Commerce Dr Ste 106,Schaumburg,IL,60173-5309
230062,421 S. Main St.,Cave City,AR,72521,Valid,230062,421 S Main St,Cave City,AR,72521-9153
240010,1311 Bedford Dr,Melbourne,FL,32940,Valid,240010,1311 Bedford Dr,Melbourne,FL,32940-1975
240017,320 McCombs,Chaparral,NM,88081,Valid,240017,320 McCombs Rd,Chaparral,NM,88081-7965
240035,PO Box 263,Caspian,MI,49915,Valid,240035,PO Box 263,Caspian,MI,49915-0263
240041,1600 Amphitheatre Parkway,Mountain View,CA,94043-9404,Valid,240041,1600 Amphitheatre Pkwy,Mountain View,CA,94043-1351
240056,69 Teahouse St,Las Vegas,NV,89138,Valid,240056,69 Teahouse St,Las Vegas,NV,89138-1587
240058,200 JEFFERSON HEIGHTS,CATSKILL,NY,12414,Valid,240058,200 Jefferson Hts,Catskill,NY,12414-2110
240068,307 EAST AVENUE E,ALPINE,TX,79831,Valid,240068,307 E Avenue E,Alpine,TX,79830-4729
240081,414 Main St,Reinbeck,IA,50669,Valid,240081,414 Main St,Reinbeck,IA,50669-1050
240109,PO Box 1420,Helena,MT,59624,Valid,240109,PO Box 1420,Helena,MT,59624-1420
240119,500 West Overland Ave Suite 310,El Paso,TX,79901,Valid,240119,500 W Overland Ave Ste 310,El Paso,TX,79901-1086
250014,601 A St. SE,Ardmore,OK,73401,Valid,250014,601 A St SE,Ardmore,OK,73401-8411
250027,401 S. Meridian St,Lebanon,IN,46052,Valid,250027,401 S Meridian St,Lebanon,IN,46052-2529
250028,3795 COLLINS ROAD EAST,GILLETTE,WY,82718,Valid,250028,3795 Collins Rd E,Gillette,WY,82718-8249
250053,PO Box 1761,Moriarty,NM,87035,Valid,250053,PO Box 1761,Moriarty,NM,87035-1761
250066,PO Box 204,Mansfield,MO,65704,Valid,250066,PO Box 204,Mansfield,MO,65704-0204
250070,1931 N King ST,Honolulu,HI,96819,Valid,250070,1931 N King St,Honolulu,HI,96819-3455
250081,5320 W 159th Street Suite 503,Oak Forest,IL,60452-3335,Valid,250081,5320 159th St Ste 503,Oak Forest,IL,60452-3335
250090,937 West Main Street,Riverton,WY,82501,Valid,250090,937 W Main St,Riverton,WY,82501-3262
250099,615 Parkway Ave,Haileyville,OK,74546,Valid,250099,615 Parkway Ave,Haileyville,OK,74546-2547
250102,7877 SE Troxler Ln,Lawson,MO,64062,Valid,250102,7877 SE Troxler Ln,Lawson,MO,64062-8009
260003,300 Industrial Drive,Random Lake,WI,53075,Valid,260003,300 Industrial Dr,Random Lake,WI,53075-1674
260010,412 S UNION AVE,NEWPORT,WA,99156,Valid,260010,412 S Union Ave,Newport,WA,99156-9667
260016,412 S Broadway,Tyler,TX,75702,Valid,260016,412 S Broadway Ave,Tyler,TX,75702-8101
260019,449 Arthur Kirk Road,Beebe,AR,72012,Valid,260019,449 Arthur Kirk Rd,Beebe,AR,72012-9303
260025,1120 Lebanon Rd,Danville,KY,40422,Valid,260025,1120 Lebanon Rd,Danville,KY,40422-1330
260042,3545 Airway Dr. Suite 114,Reno,NV,89511,Valid,260042,3545 Airway Dr Ste 114,Reno,NV,89511-1847
260051,1361 Rich Lane,Buda,TX,78610,Valid,260051,1361 Rich Ln,Buda,TX,78610-9561
260052,970 Reserve Dr Ste 160,Roseville,CA,95678,Valid,260052,970 Reserve Dr Ste 160,Roseville,CA,95678-1378
260056,PO BOX 1048,Nixa,MO,65714,Valid,260056,PO Box 1048,Nixa,MO,65714-1048
260062,405 Virginia Avenue,Rich Creek,VA,24147,Valid,260062,405 Virginia Ave,Rich Creek,VA,24147-9635
260068,230 S FRANKLIN ST STE 325,JUNEAU,AK,99801,Valid,260068,230 S Franklin St Ste 325,Juneau,AK,99801-1356
260070,4202 Holliday Street,Warm Springs,OR,97761,Valid,260070,4202 Holliday St,Warm Springs,OR,97761-9701
270002,44 Kingston Drive Suite 135,Daleville,VA,24083,Valid,270002,44 Kingston Dr PMB 135,Daleville,VA,24083-2574
270011,526 N. 19th St,Philomath,OR,97370,Valid,270011,526 N 19th St,Philomath,OR,97370-9297
270012,2100 Broadway Street,Little Rock,AR,72206,Valid,270012,2100 Broadway St,Little Rock,AR,72206-1330
270020,4101 Wild Chaparral Drive,Shingle Springs,CA,95682,Valid,270020,4101 Wild Chaparral Dr,Shingle Springs,CA,95682-8739
270023,2000 US 27 S,Richmond,IN,47375,Valid,270023,2000 US Highway 27 S,Richmond,IN,47374-7269
270025,7085 W Waupecan Rd,Verona,IL,60479,Valid,270025,7085 W Waupecan Rd,Verona,IL,60479-9757
270026,1838 Sir Tyler Drive Suite 200,Wilmington,NC,28405,Valid,270026,1838 Sir Tyler Dr Ste 200,Wilmington,NC,28405-8378
270027,2929 Melrose St,Walla Walla,WA,99362,Valid,270027,2929 Melrose St,Walla Walla,WA,99362-9525
270051,6144 Calle Real 200,Goleta,CA,93117,Valid,270051,6144 Calle Real Ste 200,Goleta,CA,93117-2012
270061,PO Box 14,Fairbury,IL,61739,Valid,270061,PO Box 14,Fairbury,IL,61739-0014
270062,PO Box 636,Winthrop,WA,98862,Valid,270062,PO Box 636,Winthrop,WA,98862-0636
270065,11325 Jubilee Ridge Rd.,,IL,11325,Valid,270065,11325 Jubilee Ridge Rd.,Nan,IL,11325
270073,16988 Sky Valley Drive,Ramona,CA,92065,Valid,270073,16988 Sky Valley Dr,Ramona,CA,92065-5710
270074,121 S Main Street,West Point,NE,68788,Valid,270074,121 S Main St,West Point,NE,68788-1832
270076,416 N Center,Durand,IL,61024,Valid,270076,416 N Center St,Durand,IL,61024-7803
270077,PO Box 416,Eagle River,WI,54521-416,Valid,270077,PO Box 416,Eagle River,WI,54521-0416
270084,617 G Ave,Grundy Center,IA,50638,Valid,270084,617 G Ave,Grundy Center,IA,50638-1549
270090,1 Information Way  Suite 405,Little Rock,AR,72202,Valid,270090,1 Information Way Ste 405,Little Rock,AR,72202-2292
270096,1105 Vivian Street,Mena,AR,71953,Valid,270096,1105 Vivian St,Mena,AR,71953-4776
270099,3106 CAMBELL ST,Rapid City,SD,57701,Valid,270099,3106 Cambell St,Rapid City,SD,57701-0120
270101,PO BOX 531786,Henderson,NV,89053,Valid,270101,PO Box 531786,Henderson,NV,89053-1786
270102,301 N. Main St.  Ste. 2404,Winston-Salem,NC,27104,Valid,270102,301 N Main St Ste 2404,Winston Salem,NC,27101-3892
270115,8307 E 24th St,Tucson,AZ,85710,Valid,270115,8307 E 24th St,Tucson,AZ,85710-6505
280004,100 West Highway 24 Suite C,Salisbury,MO,65281,Valid,280004,100 W Highway 24 Ste C,Salisbury,MO,65281-1630
280011,PO Box 163,Kurten,TX,77862,Valid,280011,PO Box 163,Kurten,TX,77862-0163
280020,23120 Lankford Hwy,cape charles,VA,23310-2775,Valid,280020,23120 Lankford Hwy,Cape Charles,VA,23310-2115
280024,30473 Mulholland Hwy,,CA,30473,Valid,280024,30473 Mulholland Hwy,Nan,CA,30473
280035,1030 Sandretto Dr Ste B,Prescott,AZ,86305,Valid,280035,1030 Sandretto Dr Ste B,Prescott,AZ,86305-3718
280042,PO Box 1042,Templeton,CA,93465,Valid,280042,PO Box 1042,Templeton,CA,93465-1042
280046,PO Box 111,Berryville,AR,72616,Valid,280046,PO Box 111,Berryville,AR,72616-0111
280047,2748 S. Austin Ave.,Springfield,MO,65807,Valid,280047,2748 S Austin Ave,Springfield,MO,65807-4179
280067,1378 N. Cavalier Dr.,Alamo,TN,38001,Valid,280067,1378 N Cavalier Dr,Alamo,TN,38001-4692
280069,102 West 2nd Street,Leaf River,IL,61047,Valid,280069,102 W Second St,Leaf River,IL,61047-9771
290004,13431 Broadway Ext Suite 120,Oklahoma City,OK,73114,Valid,290004,13431 Broadway Ext Ste 120,Oklahoma City,OK,73114-2202
290006,1705 Tower Avenue Suite 101,Superior,WI,54880,Valid,290006,1705 Tower Ave Ste 101,Superior,WI,54880-2655
290008,PO Box 2160,Durango,CO,81302-2160,Valid,290008,PO Box 2160,Durango,CO,81302-2160
290010,95 Parker Oaks Ln,Hudson Oaks,TX,76087,Valid,290010,95 Parker Oaks Ln,Hudson Oaks,TX,76087-1265
290015,PO Box 704,Providence,UT,84321,Valid,290015,PO Box 704,Providence,UT,84332-0704
290016,PO BOX 24608,Baltimore,MD,21214,Valid,290016,PO Box 24608,Baltimore,MD,21214-0308
290018,1222 Old Ocean City Road,Salisbury,MD,21804,Valid,290018,1222 Old Ocean City Rd,Salisbury,MD,21804-4552
290042,12113 Roxie Dr Suite 200,Austin,TX,78729,Valid,290042,12113 Roxie Dr Ste 200,Austin,TX,78729-7100
290053,203 SW 8th Ave Suite 601,Amarillo,TX,79101-3015,Valid,290053,203 SW 8th Ave Ste 601,Amarillo,TX,79101-2228
290057,PObox 26819,tempe,AZ,85285-6819,Valid,290057,PO Box 26819,Tempe,AZ,85285-6819
290065,2595 Fremont Street,Las vegas,NV,89104,Valid,290065,2595 Fremont St,Las Vegas,NV,89104-2203
290074,1100 W MAIN,RIVERTON,WY,82501,Valid,290074,1100 W Main St,Riverton,WY,82501-3233
290079,6995 Corydon Junction Rd NE,New Salisbury,IN,47161,Valid,290079,6995 Corydon Junction Rd NE,New Salisbury,IN,47161-7836
290087,1528 Country Club Rd,Harrisonburg,VA,22802,Valid,290087,1528 Country Club Rd,Harrisonburg,VA,22802-5071
290088,PO Box 2333,San Marcos,CA,92079,Valid,290088,PO Box 2333,San Marcos,CA,92079-2333
290099,201 Camino de la mer,Taos,NM,87571,Valid,290099,201 Camino de la Merced,Taos,NM,87571-6276
290103,258 S MAIN ST,ONEIDA,TN,37841,Valid,290103,258 S Main St,Oneida,TN,37841-2607
290105,147-18 N. Clark Ave,Republic,WA,99166,Valid,290105,18 N Clark Ave,Republic,WA,99166-5024
290106,120 S Wilson St Suite C,Vinita,OK,74301,Valid,290106,120 S Wilson St Ste C,Vinita,OK,74301-3730
290123,1413 Solano Street,Corning,CA,96021,Valid,290123,1413 Solano St,Corning,CA,96021-3054
300008,3609 Steven Court,Edmond,OK,73013,Valid,300008,3609 Steven Ct,Edmond,OK,73013-8121
300010,501 Old Kyle Road  Suite 104,Wimberley,TX,78676,Valid,300010,501 Old Kyle Rd Ste 104,Wimberley,TX,78676-2807
300016,PO Box 1429,Big Spring,TX,79721,Valid,300016,PO Box 1429,Big Spring,TX,79721-1429
300019,5343 E Pima St Ste 101,Tucson,AZ,85712,Valid,300019,5343 E Pima St Ste 101,Tucson,AZ,85712-3657
300020,2550 Denali St. Suite 512,Anchorage,AK,99503,Valid,300020,2550 Denali St Ste 512,Anchorage,AK,99503-2751
300025,PO Box 1060,Green Bay,WI,54305-1060,Valid,300025,PO Box 1060,Green Bay,WI,54305-1060
300029,PO Box 121787,Fort Worth,TX,76121-1787,Valid,300029,PO Box 121787,Fort Worth,TX,76121-1787
300043,822 Columbia St.,Santa Cruz,CA,95060,Valid,300043,822 Columbia St,Santa Cruz,CA,95060-6014
300057,2065 W Riverstone Dr Ste 202,Coeur d'Alene,ID,83814,Valid,300057,2065 W Riverstone Dr Ste 202,Coeur D Alene,ID,83814-5699
300063,2922 W. Clarendon Ave.,Phoenix,AZ,85017,Valid,300063,2922 W Clarendon Ave,Phoenix,AZ,85017-4609
300066,1900 K Street NW Suite 650,Washington,DC,20006,Valid,300066,1900 K St NW Ste 650,Washington,DC,20006-1143
300069,3605 LYNX MEADOW DR,PRESCOTT,AZ,86303,Valid,300069,3605 Lynx Meadow Dr,Prescott,AZ,86303-6943
300074,793 US Rte 20 west,Elizabeth,IL,61028,Valid,300074,793 US Route 20 W,Elizabeth,IL,61028-9304
300077,119 West Iron Ave.,Sailna,KS,67402-2221,Valid,300077,119 W Iron Ave,Salina,KS,67401-2600
300078,6203 Valley Hi Rd,,HI,80118,Valid,300078,6203 Valley Hi Rd,Larkspur,CO,80118-9734
300079,8350 Broad Street Suite 1450,Tysons,VA,22102,Valid,300079,8350 Broad St Ste 1450,Tysons,VA,22102-5155
300085,2574 Interstate Drive,Harrisburg,PA,17110,Valid,300085,2574 Interstate Dr,Harrisburg,PA,17110-9601
300092,460 E Main St,Fabens,TX,79838,Valid,300092,460 E Main St,Fabens,TX,79838
300107,PO Box 124,Walcott,IA,52773,Valid,300107,PO Box 124,Walcott,IA,52773-0124
300111,58 East Broadway,Little Falls,MN,56345,Valid,300111,58 E Broadway,Little Falls,MN,56345-3047
300116,58542 Wolverine St,,MI,58542,Valid,300116,58542 Wolverine St,Nan,MI,58542
300117,PO Box 1810,Pismo Beach,CA,93448,Valid,300117,PO Box 1810,Pismo Beach,CA,93448-1810
300120,801 S. Main Suite #1,Stillwater,OK,74074,Valid,300120,801 S Main St Ste 1,Stillwater,OK,74074-4630
300125,15 18th Street East,Kalispell,MT,59901,Valid,300125,15 18th St E,Kalispell,MT,59901-5781
300131,402 19th St SW Ste B,Mason City,IA,50401,Valid,300131,402 19th St SW Ste B,Mason City,IA,50401-6445
300137,332 South Bridge Street,Winnemucca,NV,89445,Valid,300137,332 S Bridge St,Winnemucca,NV,89445-3111
300138,81-B Gold Miner Ln,Belgrade,MT,59714,Valid,300138,81 Gold Miner Ln Ste B,Belgrade,MT,59714-7915
300144,1535 9th St,Florence,OR,97439,Valid,300144,1535 9th St,Florence,OR,97439-8495
300160,3101 Jacqueline St,Wichita Falls,TX,76306,Valid,300160,3101 Jacqueline Rd,Wichita Falls,TX,76306-3501
300164,424 S Main Street,Giddings,TX,79842,Valid,300164,424 S Main St,Giddings,TX,78942-4116
300169,14115 Lover's Lane,,VA,14115,Valid,300169,14115 Lovers Lane,Nan,VA,14115
300170,1051 E Cary Street Ste. 1200,Richmond,VA,23219,Valid,300170,1051 E Cary St Ste 1200,Richmond,VA,23219-4044
300171,1001 South Douglas HWY St. 201,Gillette,WY,82717,Valid,300171,1001 S Douglas Hwy Ste 201,Gillette,WY,82716-4957
300172,5101 S. MCCOLL RD  STE. C,EDINBURG,TX,78539,Valid,300172,5101 S McColl Rd Ste C,Edinburg,TX,78539-8287
300173,PO Box 1941,Apple Valley,CA,92307,Valid,300173,PO Box 1941,Apple Valley,CA,92307-0037
300180,PO Box 236,D'Hanis,TX,78850,Valid,300180,PO Box 236,D Hanis,TX,78850-0236
300181,63 E Main St,Price,UT,84501,Valid,300181,63 E Main St,Price,UT,84501-3031
300186,235 Alexander Ave,Ames,IA,50010,Valid,300186,235 Alexander Ave,Ames,IA,50010-6405
300187,285 North 4th Ave,Pocatello,ID,83201,Valid,300187,285 N 4th Ave,Pocatello,ID,83201-6343
300188,9403 11th ave,Fort Yates,ND,58538,Valid,300188,9403 11th Ave,Fort Yates,ND,58538
300192,PO Box 19817,Colorado City,CO,81019,Valid,300192,PO Box 19817,Colorado City,CO,81019-0817
300205,33 Pathfinder Trail,Bozeman,MT,59718,Valid,300205,33 Pathfinder Trl,Bozeman,MT,59718-7254
310000,40 TEMPLE ST,FREDONIA,NY,14063,Valid,310000,40 Temple St,Fredonia,NY,14063-1706
310014,200 N. Main Street,Salem,IN,47167,Valid,310014,200 N Main St,Salem,IN,47167-2031
310015,251 Camarillo Ranch Road,Camarillo,CA,93012,Valid,310015,251 Camarillo Ranch Rd,Camarillo,CA,93012-5082
310016,185 Main Street,Gloucester,MA,1930,Valid,310016,185 Main St,Gloucester,MA,01930-5745
310017,PO BOX 988,Spokane,WA,99210,Valid,310017,PO Box 988,Spokane,WA,99210-0988
310018,1106 E. Turner Road  Suite A,Lodi,CA,95240,Valid,310018,1106 E Turner Rd Ste A,Lodi,CA,95240-0763
310023,4600 S Ulster St Ste 1300,Denver,CO,80237,Valid,310023,4600 S Ulster St Ste 1300,Denver,CO,80237-2870
310024,343 N 3rd St,Montrose,CO,81401,Valid,310024,343 N 3rd St,Montrose,CO,81401-3501
310027,PO Box 3411,Sonora,CA,95370,Valid,310027,PO Box 3411,Sonora,CA,95370-3411
310036,64 Automation Ln.,Bonners Ferry,ID,83805,Valid,310036,64 Automation Ln,Bonners Ferry,ID,83805-5890
310037,105 W. Main,Eastland,TX,76448,Valid,310037,105 W Main St,Eastland,TX,76448-2721
310052,117 S. 17th Ave Suite A,Wausau,WI,54401,Valid,310052,117 S 17th Ave Ste A,Wausau,WI,54401-4228
310053,1110 SH 16 South,Graham,TX,76450,Valid,310053,1110 State Highway 16 S,Graham,TX,76450-3808
310059,32 Patroon Pt,Rensselaer,NY,12144,Valid,310059,32 Patroon Pointe Dr,Rensselaer,NY,12144-8438
310063,2652 E Horizon Dr,Eagle Mountain,UT,84005,Valid,310063,2652 E Horizon Dr,Eagle Mountain,UT,84005-6219
310065,PO Box 1115,Galt,CA,95632-1115,Valid,310065,PO Box 1115,Galt,CA,95632-1115
310066,PO BOX 1401,PO BOX 1401,LA,46352,Valid,310066,PO Box 1401,La Porte,IN,46352-1401
310067,PO BOx 66831,,CA,66831,Valid,310067,Box 66831,Nan,CA,66831
310079,9024 E Floyd Ave,Denver,CO,80231,Valid,310079,9024 E Floyd Ave,Denver,CO,80231-4665
310082,PO Box 126,Bucyrus,OH,44820,Valid,310082,PO Box 126,Bucyrus,OH,44820-0126
310085,1000 North Main Suite 2,Gunnison,CO,81230,Valid,310085,1000 N Main St Ste 2,Gunnison,CO,81230-2469
310088,2820 NW Loop 286,Paris,TX,75460,Valid,310088,2820 NW Loop 286,Paris,TX,75460-1552
310096,3321 Foster St.,SAN ANGELO,TX,76903,Valid,310096,3321 Foster St,San Angelo,TX,76903-9313
320007,PO Box 460,Farmington,MO,63640,Valid,320007,PO Box 460,Farmington,MO,63640-0460
320013,1816 Pappas,Laredo,TX,78041,Valid,320013,1816 Pappas St,Laredo,TX,78041-5410
320014,4501 West Highway 31,Corsicana,TX,75110,Valid,320014,4501 W State Highway 31,Corsicana,TX,75110-9586
320018,574 Axminister Dr.,Fenton,MO,63026,Valid,320018,574 Axminister Dr,Fenton,MO,63026-2904
320022,PO Box 168,Canon City,CO,81212,Valid,320022,PO Box 168,Canon City,CO,81215-0168
320031,D3131 Bangart Road,Stratford,WI,54484,Valid,320031,3131 Bangart Rd,Stratford,WI,54484
320050,PO Box 464,Ashfield,MA,01330-464,Valid,320050,PO Box 464,Ashfield,MA,01330-0464
320053,2 South Main St,Winchester,IL,62694,Valid,320053,2 S Main St,Winchester,IL,62694-1218
320055,2 Lakeview Circle  2300 US Route 66 W,SANDIA PARK,NM,87047,Valid,320055,2 Lakeview Cir # 2300,Sandia Park,NM,87047-9372
320056,208 Enchanted Forest Rd,Eastsound,WA,98245,Valid,320056,208 Enchanted Forest Rd,Eastsound,WA,98245-8913
320059,PO Box 192,Malad City,ID,83252,Valid,320059,PO Box 192,Malad City,ID,83252-0192
320062,61884 Commercial St. Suite B,Joshua Tree,CA,92252,Valid,320062,61884 Commercial St Ste B,Joshua Tree,CA,92252-2358
320075,PO Box 127,Ravenna,NE,68869,Valid,320075,PO Box 127,Ravenna,NE,68869-0127
320080,875 W 1200 S,Vernal,UT,84078,Valid,320080,875 W 1200 S,Vernal,UT,84078-4602
320081,605 Lincoln Blvd #330,Lincoln,CA,95648,Valid,320081,605 Lincoln Blvd Ste 330,Lincoln,CA,95648-1871
320082,132 Coleman Road,Elkhorn City,KY,41522,Valid,320082,132 Coleman Rd,Elkhorn City,KY,41522-7865
320084,16590 Heim Rd.,,MI,16590,Valid,320084,16590 Heim Rd.,Nan,MI,16590
320088,6445 FM 1463 RD Suite 160 #255,Katy,TX,77494,Valid,320088,6445 FM 1463 Rd Ste 160,Katy,TX,77494-4031
320090,117 Public Square,Batesville,MS,38606,Valid,320090,117 Public Sq,Batesville,MS,38606-2122
320091,5111 N 10th street 334,McAllen,TX,78504,Valid,320091,5111 N 10th St PMB 334,McAllen,TX,78504-2835
320093,PO Box 2451,West Lafayette,IN,47996,Valid,320093,PO Box 2451,West Lafayette,IN,47996-2451
320112,454 W. Stuart Road,Bellingham,WA,98226,Valid,320112,454 W Stuart Rd,Bellingham,WA,98226-1204
320114,3001 N Cameron,Victoria,TX,77901,Valid,320114,3001 N Cameron St,Victoria,TX,77901-3942
320115,2038 Sandy Drive Ste 200,State College,PA,16803,Valid,320115,2038 Sandy Dr Ste 200,State College,PA,16803-2525
320116,3375 Koapaka St F240,Honolulu,HI,96819-9681,Valid,320116,3375 Koapaka St Ste F240,Honolulu,HI,96819-1881
320117,8975 Double Diamond Parkway 9,Reno,NV,89521,Valid,320117,8975 Double Diamond Pkwy # 9,Reno,NV,89521-6004
320127,PO Box 30,Rupert,ID,83350,Valid,320127,PO Box 30,Rupert,ID,83350-0010
330004,PO BOX 75185,,AZ,75185,Valid,330004,Box 75185,Nan,AZ,75185
330023,2800 Cornerstone Drive B1U1,Pagosa Springs,CO,81147,Valid,330023,2800 Cornerstone Dr Ste B-1U1,Pagosa Springs,CO,81147-8257
330035,5435 South Dayton-Brandt Road,New Carlisle,OH,45344,Valid,330035,5435 S Dayton Brandt Rd,New Carlisle,OH,45344-9415
330042,1004 West Oklahoma,Grand Island,NE,68801,Valid,330042,1004 W Oklahoma Ave,Grand Island,NE,68801-6649
330044,1698 Shawnee Road,Waxahachie,TX,75165,Valid,330044,1698 Shawnee Rd,Waxahachie,TX,75165-7115
330052,PO box 1244,nederland,CO,80466,Valid,330052,PO Box 1244,Nederland,CO,80466-1244
330053,PO Box 441234,Aurora,CO,80014,Valid,330053,PO Box 441234,Aurora,CO,80044-1234
330054,PO Box 365,Lapwai,ID,83540,Valid,330054,PO Box 365,Lapwai,ID,83540-0365
330057,1040 Bowersville Street,Royston,GA,30662,Valid,330057,1040 Bowersville St,Royston,GA,30662-2310
330059,756 W 3rd St,Prineville,OR,97754,Valid,330059,756 NW 3rd St,Prineville,OR,97754-1431
330064,310 Main Ave,Gaylord,MN,55334,Valid,330064,310 Main Ave,Gaylord,MN,55334-4495
330071,2710 State Street,Saginaw,MI,48602,Valid,330071,2710 State St,Saginaw,MI,48602-3736
330072,24 Cove St.,Round Mountain,NV,89045-1465,Valid,330072,24 Cove St,Round Mountain,NV,89045-9696
330083,PO Box 1630,Delta Junction,AK,99737-1630,Valid,330083,PO Box 1630,Delta Junction,AK,99737-1630
340001,881 E Hidalgo Ave,Raymondville,TX,78580,Valid,340001,881 E Hidalgo Ave,Raymondville,TX,78580-4085
340002,121 Gordon LN,Tellico Plains,TN,37385,Valid,340002,121 Gordon Ln,Tellico Plains,TN,37385-5977
340003,1182 Odlin Road,Hermon,ME,4401,Valid,340003,1182 Odlin Rd,Hermon,ME,04401-7216
340004,229 Hwy 51,Postville,IA,52162,Valid,340004,229 Highway 51,Postville,IA,52162-8608
340029,PO Box 109,Aniak,AK,99557,Valid,340029,PO Box 109,Aniak,AK,99557-0109
340036,17213 US 69 Hwy,,MO,17213,Valid,340036,17213 Us 69 Hwy,Nan,MO,17213
340041,5309 Chestnut Street,Anderson,CA,96007,Valid,340041,5309 Chestnut St,Anderson,CA,96007-9104
340042,64236 Second Avenue,Happy Camp,CA,96039,Valid,340042,64236 2nd Ave,Happy Camp,CA,96039
340047,PO Box 86659,Baton Rouge,LA,70879,Valid,340047,PO Box 86659,Baton Rouge,LA,70879-6659
340059,7519 Canyon Drive,Amarillo,TX,79110,Valid,340059,7519 Canyon Dr,Amarillo,TX,79110-4633
340061,100 N Cuyler,Pampa,TX,79065,Valid,340061,100 N Cuyler St,Pampa,TX,79065-6454
340066,728 Alester Ave.,Palo Alto,CA,94303,Valid,340066,728 Alester Ave,Palo Alto,CA,94303-2810
340068,119 E. Pacific Ave,Gladewater,TX,75647,Valid,340068,119 E Pacific Ave,Gladewater,TX,75647-2719
340069,PO BOX 428,Siren,WI,54872,Valid,340069,PO Box 428,Siren,WI,54872-0428
340070,2901 Society Hill Road,Opelika,AL,36804,Valid,340070,2901 Society Hill Rd,Opelika,AL,36804-4850
340076,1300 Hwy 2,Wrightwood,CA,92397,Valid,340076,1300 Highway 2,Wrightwood,CA,92397
340091,4 Airport Dr.,Presque Isle,ME,4769,Valid,340091,4 Airport Dr,Presque Isle,ME,04769-2041
340093,23 Elda Drive,San Rafael,CA,94903,Valid,340093,23 Elda Dr,San Rafael,CA,94903-3723
340094,20 Meadowbrook Rd.,Cana,VA,24317,Valid,340094,20 Meadowbrook Rd,Cana,VA,24317-4401
340095,204 N 9th Street,Olivia,MN,56277,Valid,340095,204 N 9th St,Olivia,MN,56277-1057
340096,1130 E. Main St. #311,Ashland,OH,44805,Valid,340096,1130 E Main St PMB 311,Ashland,OH,44805-2832
350005,PO Box 13453,SAN LUIS OBISPO,CA,93406,Valid,350005,PO Box 13453,San Luis Obispo,CA,93406-3453
350018,PO Box 242,P.O Box 242,MT,43340,Valid,350018,PO Box 242,Mount Victory,OH,43340-0242
350019,1600 SW Western Blvd Suite 160,Corvallis,OR,97333,Valid,350019,1600 SW Western Blvd Ste 160,Corvallis,OR,97333-4064
350030,3860 Hammonton Smartville Road,Marysville,CA,95901,Valid,350030,3860 Hammonton Smartville Rd,Marysville,CA,95901-9201
350036,PO Box 1306,Delta Junction,AK,99737-1306,Valid,350036,PO Box 1306,Delta Junction,AK,99737-1306
350043,1903 W 35th St,Kearney,NE,68845,Valid,350043,1903 W 35th St,Kearney,NE,68845-2707
350055,7 Court Square,Fredericktown,MO,63645,Valid,350055,7 Court Sq,Fredericktown,MO,63645-1114
350060,170 AirPort Road West,Fort Payne,AL,35968,Valid,350060,170 Airport Rd W,Fort Payne,AL,35968-3334
350064,1298 County Road 412,Bonnots Mill,MO,65016,Valid,350064,1298 County Road 412,Bonnots Mill,MO,65016-2466
350071,109 N Mill,Beloit,KS,67420,Valid,350071,109 N Mill St,Beloit,KS,67420-2343
350073,3259 State Route 219,Coldwater,OH,45828,Valid,350073,3259 State Route 219,Coldwater,OH,45828-9721
350081,PO Box 1,Montoursville,PA,17754,Valid,350081,PO Box 1,Montoursville,PA,17754-0001
350087,156 N. Main St.,Colville,WA,99114,Valid,350087,156 N Main St,Colville,WA,99114-2306
350088,Rt 128 & North 6th St,Shelbyville,IL,62565,Valid,350088,128 W North 6th St,Shelbyville,IL,62565
350091,779 Dogwood Rd,Asheville,NC,28806,Valid,350091,779 Dogwood Rd,Asheville,NC,28806-0366
350093,2534 Shell Rd Busn Ctr Ste B,Georgetown,TX,78628,Valid,350093,2534 Shell Rd Ste B,Georgetown,TX,78628-5115
350094,PO Box 1246,San Martin,CA,95046-1246,Valid,350094,PO Box 1246,San Martin,CA,95046-1246
350100,814 E 3rd st.,Alliance,NE,69301,Valid,350100,814 E 3rd St,Alliance,NE,69301-3946
350105,4226 S 37th St,Phoenix,AZ,85040,Valid,350105,4226 S 37th St,Phoenix,AZ,85040-1814
350110,PO Box 246,Weaverville,CA,96093,Valid,350110,PO Box 246,Weaverville,CA,96093-0246
350116,6100 Mountain Vista St  Ste 100,Henderson,NV,89014,Valid,350116,6100 Mountain Vista St Ste 100,Henderson,NV,89014-2045
350118,3100 E. Arlington,Ada,OK,74820,Valid,350118,3100 Arlington St,Ada,OK,74820-3059
350120,PO Box 425,Corning,NY,14830,Valid,350120,PO Box 425,Corning,NY,14830-0425
350133,1804 W. Monroe St.,Burns,OR,97720,Valid,350133,1804 W Monroe St,Burns,OR,97720-1918
350134,6117 Red Winery Rd.,Geyserville,CA,95441,Valid,350134,6117 Red Winery Rd,Geyserville,CA,95441-9579
350139,1207 Network Centre Drive Suite 3B,Effingham,IL,62401,Valid,350139,1207 Network Centre Dr Ste 3B,Effingham,IL,62401-4632
350140,1490 Albite Road Topaz Ranch Estates,Wellington,NV,89444,Valid,350140,1490 Albite Rd,Wellington,NV,89444-9598
350200,2838 Covemont Rd Suite 100,Sevierville,TN,37862,Valid,350200,2838 Covemont Rd Ste 100,Sevierville,TN,37862-8464
360010,PO Box 162,Centerton,AR,72719,Valid,360010,PO Box 162,Centerton,AR,72719-0162
360013,PO Box 312,Cade,LA,70519,Valid,360013,PO Box 312,Cade,LA,70519-0312
360018,107 West Street Suite F #912,Stockton,MO,65785,Valid,360018,107 West St Ste F # 912,Stockton,MO,65785-7726
360025,3085 Fluvanna Avenue Ext.,Jamestown,NY,14701,Valid,360025,3085 Fluvanna Avenue Ext,Fluvanna,NY,14701-9115
360030,1009 S Claremont Street,San Mateo,CA,94402,Valid,360030,1009 S Claremont St,San Mateo,CA,94402-1835
360032,1109 S Park St. Suite 504 #101,Carrollton,GA,30135,Valid,360032,1109 S Park St Ste 504,Carrollton,GA,30117-4481
360038,556 Pershing St  #626,Craig,CO,81625,Valid,360038,556 Pershing St # 626,Craig,CO,81625-9998
360043,1509 South Sheridan Road,Lennon,MI,48449,Valid,360043,1509 S Sheridan Rd,Lennon,MI,48449-9724
360061,4000 Dekalb Technology Parkway  Suite 450,Atlanta,GA,30340,Valid,360061,4000 DeKalb Technology Pkwy Ste 450,Atlanta,GA,30340-2771
360064,PO Box 921134,Dutch Harbor,AK,99692,Valid,360064,PO Box 921134,Dutch Harbor,AK,99692-1134
360071,341 Independence Ave,Clinton,MO,64735,Valid,360071,341 Independence Ave,Clinton,MO,64735-1109
360078,251 N Villa Ave,Willows,CA,95988-2607,Valid,360078,251 N Villa Ave,Willows,CA,95988-2607
360080,PO Box 1196,Dolores,CO,81323,Valid,360080,PO Box 1196,Dolores,CO,81323-1196
360090,12 Athol Rd,Warwick,MA,1378,Valid,360090,12 Athol Rd,Warwick,MA,01378-9301
360094,800 E Highway 372,Pahrump,NV,89048,Valid,360094,800 E Nevada Highway 372,Pahrump,NV,89048-4624
360097,535 Castle St,Wells,NV,89835,Valid,360097,535 Castle St,Wells,NV,89835-8081
360100,264 Clover Field Drive,Corbin,KY,40701,Valid,360100,264 Clover Field Dr,Corbin,KY,40701-6381
360105,1308 Apache Ave,Santa Fe,NM,87505,Valid,360105,1308 Apache Ave,Santa Fe,NM,87505-3212
360111,324 Main St Floor 2,Greenfield,MA,1301,Valid,360111,324 Main St # 2,Greenfield,MA,01301-3317
360113,115 Turner Ave,Berthoud,CO,80513,Valid,360113,115 Turner Ave,Berthoud,CO,80513-1232
360114,850 N. Hwy 414,Mountain View,WY,82939,Valid,360114,850 N Highway 414,Mountain View,WY,82939-5198
360115,300 Cardinal Drive Suite 110,Saint Charles,IL,60175,Valid,360115,300 Cardinal Dr Ste 110,Saint Charles,IL,60175-6647
360117,210 Interstate North Parkway  Suite 200,Atlanta,GA,30339,Valid,360117,210 Interstate North Pkwy SE Ste 200,Atlanta,GA,30339-2232
360118,4216 East 50 North,kokomo,IN,46901,Valid,360118,4216 E 50 N,Kokomo,IN,46901-8325
360119,777 1st Street #250,Gilroy,CA,95020,Valid,360119,777 1st St PMB 250,Gilroy,CA,95020-4918
360122,1834 N. Court St.,Marion,IL,62959,Valid,360122,1834 N Court St,Marion,IL,62959-4558
360124,111 N 8th St,Plummer,ID,83851,Valid,360124,111 8th St,Plummer,ID,83851-1000
360125,91 Camden St Suite 404,Rockland,ME,4841,Valid,360125,91 Camden St Ste 404,Rockland,ME,04841-2443
360128,1111 S Grant Ave,Springfield,MO,65807,Valid,360128,1111 S Grant Ave,Springfield,MO,65807-1338
360134,10918 N Yellowstone Hwy,Ucon,ID,83454,Valid,360134,10918 N Yellowstone Hwy,Ucon,ID,83454-7709
370004,PO Box 1544,Brookings,OR,97415,Valid,370004,PO Box 1544,Brookings,OR,97415-0037
370012,79709 Dufur Valley Road,DUFUR,OR,97021,Valid,370012,79709 Dufur Valley Rd,Dufur,OR,97021-3108
370013,804 N Union Ave,Roswell,NM,88201,Valid,370013,804 N Union Ave,Roswell,NM,88201-3958
370019,14241 210th St.,Perry,IA,50220,Valid,370019,14241 210th St,Perry,IA,50220-6222
370034,1255 W 75 N,Centerville,UT,84014,Valid,370034,1255 W 75 N,Centerville,UT,84014-1763
370035,1221 Ascot St,Georgetown,TX,78626,Valid,370035,1221 Ascot St,Georgetown,TX,78626-7669
370039,PO Box 1284,Great Falls,MT,59403,Valid,370039,PO Box 1284,Great Falls,MT,59403-1284
370044,PO Box 2137,Johnson City,TX,78636,Valid,370044,PO Box 2137,Johnson City,TX,78636-2000
370048,358 WILL AND EMMA LN,CLINTWOOD,VA,24228,Valid,370048,358 Will and Emma Ln,Clintwood,VA,24228-7687
370065,4615 Work Right Circle Ste A,Lakeport,CA,95453,Valid,370065,4615 Work Right Cir Ste A,Lakeport,CA,95453-9301
370066,10936 Westchester Dr,Lava Hot Springs,ID,83246,Valid,370066,10936 Westchester Rd,Lava Hot Springs,ID,83246-1592
370067,PO Box 1100,Angola,IN,46703,Valid,370067,PO Box 1100,Angola,IN,46703-5100
370071,250 E Penny Road Suite 200,Wenatchee,WA,98801,Valid,370071,250 E Penny Rd Ste 200,Wenatchee,WA,98801-6049
370075,15100 State Route 71,,IL,15100,Valid,370075,15100 State Route 71,Nan,IL,15100
370078,PO Box 18,COLDWATER,OH,45828,Valid,370078,PO Box 18,Coldwater,OH,45828-0018
370082,PO Box 10748,Palm Desert,CA,92255,Valid,370082,PO Box 10748,Palm Desert,CA,92255-0748
370088,2919 Isaacs Ave,Walla Walla,WA,99362,Valid,370088,2919 Isaacs Ave,Walla Walla,WA,99362-9306
370101,PO Box 8826,Columbia,SC,29202,Valid,370101,PO Box 8826,Columbia,SC,29202-8826
370102,125 Toler Lane,Goreville,IL,62939,Valid,370102,125 Toler Ln,Goreville,IL,62939-2740
370106,809 Central Ave West,Great Falls,MT,59404,Valid,370106,809 Central Ave W,Great Falls,MT,59404-2854
370110,PO Box 634,Blair,NE,68008,Valid,370110,PO Box 634,Blair,NE,68008-0634
370121,900 Tamarac Pkwy # 7591,Woodland Park,CO,80863,Valid,370121,900 Tamarac Pkwy Unit 7591,Woodland Park,CO,80863-7835
370135,PO Box 1430,Cidra,PR,739,Valid,370135,PO Box 1430,Cidra,PR,00739-1430
370138,PO Box 336,Stuart,NE,68780,Valid,370138,PO Box 336,Stuart,NE,68780-0336
370142,308 S Wilson,Liberal,MO,64762,Valid,370142,308 S Wilson,Liberal,MO,64762-9125
370146,118 Broadway N  Suite 504,Fargo,ND,58102,Valid,370146,118 Broadway N Ste 504,Fargo,ND,58102-4946
370151,PO BOx 270013,San Juan,PR,927,Valid,370151,PO Box 270013,San Juan,PR,00928-2813
370154,3580 North State Highway 83,Franktown,CO,80104,Valid,370154,3580 N State Highway 83,Franktown,CO,80116-9618
370155,3101 Ingersoll #330,Des Moines,IA,50312,Valid,370155,3101 Ingersoll Ave # 330,Des Moines,IA,50312-3918
370157,4419 Centennial Blvd.  #334,Colorado Springs,CO,80907,Valid,370157,4419 Centennial Blvd PMB 334,Colorado Springs,CO,80907-3739
370160,4501 S Bridge,Welsaco,TX,78596,Valid,370160,4501 S Bridge Ave,Weslaco,TX,78596-2015
370162,3625 W US Hwy 160,Monte Vista,CO,81144,Valid,370162,3625 US Highway 160 W,Monte Vista,CO,81144-9356
380014,2809 E Harmony Rd  Suite 310,Fort Collins,CO,80528,Valid,380014,2809 E Harmony Rd Ste 310,Fort Collins,CO,80528-3142
380038,165 Host Dale Drive,Dothan,AL,36303-3630,Valid,380038,165 Hostdale Dr,Dothan,AL,36303-1039
380039,17214 Fremont St,Esparto,CA,95627,Valid,380039,17214 Fremont St,Esparto,CA,95627-2009
380048,2807 W Washington Ave  Ste B-201,Yakima,WA,98903,Valid,380048,2807 W Washington Ave Ste B201,Yakima,WA,98903-1285
380051,2134 N First St,Hamilton,MT,59840,Valid,380051,2134 N 1st St,Hamilton,MT,59840-3185
380062,650 Poydras St Suite 1040,New Orleans,LA,70130,Valid,380062,650 Poydras St Ste 1040,New Orleans,LA,70130-7244
380063,3162 224th St W,Farmington,MN,55024,Valid,380063,3162 224th St W,Farmington,MN,55024-4003
380064,607 N Armstrong Street,Pleasant Hill,MO,64080-1367,Valid,380064,607 N Armstrong St,Pleasant Hill,MO,64080-1367
380069,4075 N 3500 E,Eden,UT,84310,Valid,380069,4075 N 3500 E,Eden,UT,84310-6781
380072,PO Box 962,Rock Springs,WY,82902,Valid,380072,PO Box 962,Rock Springs,WY,82902-0962
380077,PO Box 854,Gruver,TX,79040,Valid,380077,PO Box 854,Gruver,TX,79040-0854
380079,6691 Lakefront Dr,Magalia,CA,95954,Valid,380079,6691 Lakefront Dr,Magalia,CA,95954-9047
380086,PO Box 280,North Newton,KS,67117,Valid,380086,PO Box 280,North Newton,KS,67117-0280
380087,411 Flemingsburg Rd,Morehead,KY,40351,Valid,380087,411 Flemingsburg Rd,Morehead,KY,40351-1019
380097,73602 E Cameron Ln,,WA,73602,Valid,380097,73602 E Cameron Ln,Nan,WA,73602
380098,28904 Valley Center Rd.,Valley Center,CA,92082,Valid,380098,28904 Valley Center Rd,Valley Center,CA,92082-6568
380110,PO Box 1326,Ahoskie,NC,27910-1326,Valid,380110,PO Box 1326,Ahoskie,NC,27910-1326
380132,100 West Washington,Newton,IL,62448,Valid,380132,100 W Washington St,Newton,IL,62448-1256
380138,PO Box 488,Judson,TX,75660,Valid,380138,PO Box 488,Judson,TX,75660-0488
380146,1106 State Route 380,Xenia,OH,45385,Valid,380146,1106 State Route 380,Xenia,OH,45385-9788
380158,PO Box 576846,Modesto,CA,95357,Valid,380158,PO Box 576846,Modesto,CA,95357-6846
380159,231 Gray Mountain Dr,Lyons,CO,80540,Valid,380159,231 Gray Mountain Dr,Lyons,CO,80540-8429
380173,4160 Suisun Valley Rd. E-352,Fairfield,CA,94534,Valid,380173,4160 Suisun Valley Rd Ste E352,Fairfield,CA,94534-4016
380175,308 Pine Street,West Monroe,LA,71291,Valid,380175,308 Pine St,West Monroe,LA,71291-3138
380178,1250 N. McKinley Ave.,Rensselaer,IN,47978,Valid,380178,1250 N McKinley Ave,Rensselaer,IN,47978-2068
390002,101 Ridona St,Lafayette,LA,70508,Valid,390002,101 Ridona St,Lafayette,LA,70508-3504
390015,975 River Bend Rd Suite A,Frankfort,KY,40601,Valid,390015,975 River Bend Rd # A,Frankfort,KY,40601-6314
390033,1795 Highway 602,Tallulah,LA,71282,Valid,390033,1795 Highway 602,Tallulah,LA,71282-7606
390034,100 S Central Ave Suite B,Pink Hill,NC,28572-2857,Valid,390034,100 S Central Ave # B,Pink Hill,NC,28572-8083
390048,PO Box 43,CLATSKANIE,OR,97016,Valid,390048,PO Box 43,Clatskanie,OR,97016-0043
390057,111 East Division Street,Amboy,IL,61310,Valid,390057,111 E Division St,Amboy,IL,61310-1307
390062,6082 Ne 46 st,Owatonna,MN,55060,Valid,390062,6082 NE 46th St,Owatonna,MN,55060-6154
390080,143 PRIVATE ROAD 4666,BOYD,TX,76023,Valid,390080,143 Private Road 4666,Boyd,TX,76023-5685
390082,201 N High St,Waxhaw,NC,28173,Valid,390082,201 N High St,Waxhaw,NC,28173-8944
390089,PO BOX 600479,Dallas,TX,75360,Valid,390089,PO Box 600479,Dallas,TX,75360-0479
390099,485 E Main St,Ashland,OR,97520,Valid,390099,485 E Main St,Ashland,OR,97520-2162
390100,700 Twelfth Street,Lynchburg,VA,24504,Valid,390100,700 12th St,Lynchburg,VA,24504-3037
390102,9050 BRIARCLIFT RD.,INDIANAPOLIS,IN,46256,Valid,390102,9050 Briarclift Rd,Indianapolis,IN,46256-2206
390103,PO Box 281,Standard,CA,95373,Valid,390103,PO Box 281,Standard,CA,95373-0281
390107,314 Vermillion St.  Suite 105,Hastings,MN,55033,Valid,390107,314 Vermillion St Ste 105,Hastings,MN,55033-1262
390110,38 Chauncy Street Second Floor,Boston,MA,2111,Valid,390110,38 Chauncy St # 2,Boston,MA,02111-2301
390121,216 S. Vine St,El Dorado,KS,67042,Valid,390121,216 S Vine St,El Dorado,KS,67042-3424
390142,11336 Mouch Rd,Atlanta,MI,49709,Valid,390142,11336 Mouch Rd,Atlanta,MI,49709-9308
390149,5625 W Waters Av  Suite E  Suite E,Tampa,FL,33634,Valid,390149,5625 W Waters Ave Ste E,Tampa,FL,33634-1226
390152,2607 Township Road 73 NW,Somerset,OH,43783,Valid,390152,2607 Township Road 73 NW,Somerset,OH,43783-9712
390155,RR 02 Box 6147,Manati,PR,674,Valid,390155,RR 2 Box 6147,Manati,PR,00674-9605
400001,PO Box 964,Andover,KS,67002,Valid,400001,PO Box 964,Andover,KS,67002-0964
400002,4875 SW 112th,Denton,NE,68339,Valid,400002,4875 SW 112th St,Denton,NE,68339-3020
400006,6526 Steeple Rock Drive,Frederick,CO,80516,Valid,400006,6526 Steeple Rock Dr,Frederick,CO,80516-9515
400012,181 Heron lane,Beaver,WV,25813,Valid,400012,181 Heron Ln,Beaver,WV,25813-9079
400017,HC30 Box 159,Concho,AZ,85924,Valid,400017,HC 30 Box 159,Concho,AZ,85924-9701
400020,209 S. Vance Street,Carey,OH,43316,Valid,400020,209 S Vance St,Carey,OH,43316-1241
400022,PO Box 325,Pangburn,AR,72121,Valid,400022,PO Box 325,Pangburn,AR,72121-0325
400023,10319 N 2410 Rd,Weatherford,OK,73096,Valid,400023,10319 N 2410 Rd,Weatherford,OK,73096-3061
400025,PO Box 222111,El Paso,TX,79913,Valid,400025,PO Box 222111,El Paso,TX,79913-5111
400026,100 Cooperative Way,Bay City,TX,77414,Valid,400026,100 Cooperative Way,Bay City,TX,77414-5374
400027,382 S Bluff St  STE 175,St George,UT,84770,Valid,400027,382 S Bluff St Ste 175,St George,UT,84770-3784
400028,PO Box 1250,Mount Sterling,KY,40353,Valid,400028,PO Box 1250,Mount Sterling,KY,40353-5250
400034,955 Rose Drive NE,PALMYRA,IN,47164,Valid,400034,955 Rose Dr NE,Palmyra,IN,47164-8800
400035,1317 Grand Avenue Suite 200,Glenwood Springs,CO,81601,Valid,400035,1317 Grand Ave Ste 200,Glenwood Springs,CO,81601-3841
400037,876 1/2 Blue Star Hwy,South Haven,MI,49090,Valid,400037,876 1/2 Blue Star Hwy,South Haven,MI,49090-9691
400041,11317 Moneta Road,Moneta,VA,24121,Valid,400041,11317 Moneta Rd,Moneta,VA,24121-5723
400045,4210 Kell Blvd  STE 206,Wichita Falls,TX,76309,Valid,400045,4210 Kell Blvd Ste 206,Wichita Falls,TX,76309-4802
400050,PO 9305,Chandler Heights,AZ,85127,Valid,400050,Po 9305,Chandler Heights,AZ,85127
400055,1369 Smith Ln,Londonderry,OH,45647,Valid,400055,1369 Smith Ln,Londonderry,OH,45647-9743
400056,405 N. Jefferson Ave Suite 1061,Springfield,MO,65806,Valid,400056,405 N Jefferson Ave Ste 1061,Springfield,MO,65806-1110
400105,7133 N State Rd 337,Orleans,IN,47452,Valid,400105,7133 N State Road 337,Orleans,IN,47452-9184
400130,404 SE Dorion STE 205,Pendleton,OR,97801,Valid,400130,404 SE Dorion Ave Ste 205,Pendleton,OR,97801-2572
400137,12450 Wayzata Blvd. Suite 315,Minnetonka,MN,55305-1978,Valid,400137,12450 Wayzata Blvd Ste 315,Minnetonka,MN,55305-1907
410005,175 Ave A NW,Winter Haven,FL,33881,Valid,410005,175 Avenue A NW,Winter Haven,FL,33881-4501
410025,109 N. Sanders St.,Ridgecrest,CA,93555,Valid,410025,109 N Sanders St,Ridgecrest,CA,93555-3848
410031,6815 Euclid Ave.,Cleveland,OH,44103,Valid,410031,6815 Euclid Ave,Cleveland,OH,44103-3915
410034,211 Overland Dr.,Ward,CO,80481-9538,Valid,410034,211 Overland Dr,Ward,CO,80481-9538
410054,8105 w I-25 Frontage RD unit 9,Fredrick,CO,80516-8051,Valid,410054,8105 W I25 Frontage Rd Unit 9,Erie,CO,80516-9465
410058,3700 Golden Spur Street,Lake Isabella,CA,93240,Valid,410058,3700 Golden Spur St,Lake Isabella,CA,93240-9206
410063,2211 Elk River Road,Steamboat Springs,CO,80487,Valid,410063,2211 Elk River Rd,Steamboat Springs,CO,80487-5076
410066,1725 US Hwy 12 STE 100,Litchfield,MN,55355,Valid,410066,1725 US Highway 12 # 100,Litchfield,MN,55355-5334
410073,143 Erie Street,Wellington,OH,44090,Valid,410073,143 Erie St,Wellington,OH,44090-1206
410076,PO Box 742,Grand Junction,CO,81502,Valid,410076,PO Box 742,Grand Junction,CO,81502-0742
410077,PO Box 307,Canton,MS,39046,Valid,410077,PO Box 307,Canton,MS,39046-0307
410084,400 South Sycamore St,Harrison,AR,72601,Valid,410084,400 S Sycamore St,Harrison,AR,72601-5293
410086,9956 Mill Creek Hollow Rd,Mill Creek,PA,17060,Valid,410086,9956 Mill Creek Hollow Rd,Mill Creek,PA,17060-9410
410090,214 SE Boundary St.,Browning,MT,59417,Valid,410090,214 SE Boundary St,Browning,MT,59417-5511
410092,27515 Enterprise Circle W.,Temecula,CA,92590,Valid,410092,27515 Enterprise Cir W,Temecula,CA,92590-4864
410121,1441 Main St  137,Ramona,CA,92065,Valid,410121,1441 Main St PMB 137,Ramona,CA,92065-2128
410125,23 Prince st,Fredericksted,VI,841,Valid,410125,23 Prince St,Frederiksted,VI,00840
410131,801 BROADWAY ST,Minden,LA,71055,Valid,410131,801 Broadway St,Minden,LA,71055-3308
410132,415 S Washington St.,Fredericksburg,TX,78624,Valid,410132,415 S Washington St,Fredericksburg,TX,78624-4636
410135,39250 Pioneer Blvd,Sandy,OR,97055,Valid,410135,39250 Pioneer Blvd,Sandy,OR,97055-8016
410136,PO Box 554,Alpharetta,GA,30009,Valid,410136,PO Box 554,Alpharetta,GA,30009-0554
410138,2615 Joppa Rd,York,PA,17403,Valid,410138,2615 Joppa Rd,York,PA,17403-5160
410139,2532 Benzie Hwy.,Benzonia,MI,49617,Valid,410139,2532 Benzie Hwy,Benzonia,MI,49616-9710
410141,PO Box 81,Kasson,MN,55944,Valid,410141,PO Box 81,Kasson,MN,55944-0081
410143,303 N Washington St,Berkeley Springs,WV,25411,Valid,410143,303 N Washington St,Berkeley Springs,WV,25411-1612
410145,PO Box 21371,San Juan,PR,928,Valid,410145,PO Box 21371,San Juan,PR,00928-1371
410151,109 S 10th St,Lexington,MO,64067,Valid,410151,109 S 10th St,Lexington,MO,64067-1364
410155,330 Intertech Parkway,Angola,IN,46703,Valid,410155,330 Intertech Pkwy,Angola,IN,46703-7225
410159,245 E Co Rd 200 N,,CO,47037,Valid,410159,245 E County Road 200 N,Osgood,IN,47037-9312
410160,102 warbler,ackley,IA,50601,Valid,410160,102 Warbler Ave,Ackley,IA,50601-8578
410165,12199 Sweet Springs Valley Rd,Gap Mills,WV,24941,Valid,410165,12199 Sweet Springs Valley Rd,Gap Mills,WV,24941-8766
410168,35 MARYBILL DR,TROY,OH,45373,Valid,410168,35 Marybill Dr S,Troy,OH,45373-1033
410180,PO BOX 537,Rancho Murieta,CA,95683,Valid,410180,PO Box 537,Rancho Murieta,CA,95683-0537
410182,525 Ave. Jose A. Cedeno, Arecibo,PR,612,Valid,410182,525 Ave Jose a Cedeno,Arecibo,PR,00612-3976
410183,145 Cottman Ln,Winchester,KY,40391,Valid,410183,145 Cottman Ln,Winchester,KY,40391-7662
410184,1791 O.G. Skinner Dr,West Point,GA,31833,Valid,410184,1791 Og Skinner Dr,West Point,GA,31833-1759
410188,13721 S Mount Shaggy Dr.,,UT,13721,Valid,410188,13721 S Mount Shaggy Dr.,Nan,UT,13721
410190,205 Windco Cir.  Suite #200B,Wylie,TX,75098,Valid,410190,205 Windco Cir Ste 200B,Wylie,TX,75098-5206
410192,109 S. First Street,Roslyn,WA,98941,Valid,410192,109 S 1st St,Roslyn,WA,98941-5867
420004,Paloma 479 Urb. Los Montes,Dorado,PR,646,Valid,420004,479 Calle Paloma,Dorado,PR,00646-9443
420027,316 E. Broadway St,Monett,MO,65708,Valid,420027,316 E Broadway St,Monett,MO,65708-2330
420029,3579 N. Hwy 63,West Plains,MO,65775,Valid,420029,3579 N US Highway 63,West Plains,MO,65775-5534
420041,1560 REAVESVILLE ROAD,BOWDON,GA,30108,Valid,420041,1560 Reavesville Rd,Bowdon,GA,30108-2882
420042,4706 CHIQUITA BLVD S STE200 PMB400,CAPE CORAL,FL,33914,Valid,420042,4706 Chiquita Blvd S Ste 200 PMB 400,Cape Coral,FL,33914-6324
420045,11201 N Tatum Blvd,,AZ,11201,Valid,420045,11201 N Tatum Blvd,Nan,AZ,11201
420058,PO Box 877,Virginia City,NV,89440,Valid,420058,PO Box 877,Virginia City,NV,89440-0877
420061,358 S 700 E STE B-202,SALT LAKE CITY,UT,84102,Valid,420061,358 S 700 E Ste B202,Salt Lake City,UT,84102-2161
420064,HC 9 BOX 13076,AGUADILLA,PR,00603-9326,Valid,420064,HC 9 Box 13076,Aguadilla,PR,00603-9326
420067,107 meadowlark dr,Nicholasville,KY,40356,Valid,420067,107 Meadowlark Dr,Nicholasville,KY,40356-1050
420069,PO Box 1122,Searcy,AR,72145-1122,Valid,420069,PO Box 1122,Searcy,AR,72145-1122
420080,HC 3 Box 7998,Barranquitas,PR,794,Valid,420080,HC 3 Box 7998,Barranquitas,PR,00794-8583
420084,1612 Barataria Blvd,Marrero,LA,70072,Valid,420084,1612 Barataria Blvd,Marrero,LA,70072-4309
420091,C/ Dr. Vidal Urb. Gomez #3,Humacao,PR,791,Valid,420091,3 Calle Dr Vidal E,Humacao,PR,00791-4179
420099,305 N Main St,Christiansburg,OH,45389,Valid,420099,305 Main St,Christiansburg,OH,45389-5001
420101,234 Whitmire Rd,West Sunbury,PA,16061,Valid,420101,234 Whitmire Rd,West Sunbury,PA,16061-2230
420110,773 Park Avenue,Stevensville,MT,59870,Valid,420110,773 Park Ave,Stevensville,MT,59870-2631
420116,515 Regina Ave,Cumberland,MD,21502,Valid,420116,515 Regina Ave,Cumberland,MD,21502-1225
420117,116 Broad Street Suite C,Marion,VA,24354,Valid,420117,116 Broad St Ste C,Marion,VA,24354-2739
420129,2761 Paw Print Way,Castle Rock,CO,80109,Valid,420129,2761 Paw Print Way,Castle Rock,CO,80109-4589
420139,1641 NW 11 avenue,homestead,FL,33030,Valid,420139,1641 NW 11th Ave,Homestead,FL,33030-2919
420145,17 Horn Road,Cecilia,KY,42724,Valid,420145,17 Horn Rd,Cecilia,KY,42724-7700
420146,5502 US Highway 59 N,Victoria,TX,77905,Valid,420146,5502 US Highway 59 N,Victoria,TX,77905-5847
420150,1612 N 20th St,Aberdeen,SD,57401,Valid,420150,1612 N 20th St,Aberdeen,SD,57401-7902
420173,135 Lake Street South  Suite 1000,Kirkland,WA,98033,Valid,420173,135 Lake St S Ste 1000,Kirkland,WA,98033-6488
420175,1311 Vantage Highway,Ellensburg,WA,98926,Valid,420175,1311 Vantage Hwy,Ellensburg,WA,98926-9501
420178,3217 E Carson St #211,Lakewood,CA,90712,Valid,420178,3217 Carson St PMB 211,Lakewood,CA,90712-4006
420181,4747 W. 48th Street,Fremont,MI,49412,Valid,420181,4747 W 48th St,Fremont,MI,49412-7205
420186,951 Deer Creek Cir,Dripping Springs,TX,78620,Valid,420186,951 Deer Creek Cir,Dripping Springs,TX,78620-3001
420187,103 Lincoln Street,Rush Center,KS,67575,Valid,420187,103 Lincoln St,Rush Center,KS,67575-3000
430010,PO Box 586,Bayfield,WI,54814,Valid,430010,PO Box 586,Bayfield,WI,54814-0586
430011,PO Box 1268,Port Orford,OR,97465,Valid,430011,PO Box 1268,Port Orford,OR,97465-1268
430013,784-04 CO RD 102 RR 2 15917 County Rd 5-102,AVA,MO,65608,Valid,430013,RR 2 Box 102,Ava,MO,65608-9603
430014,155 CALLE CARAZO APT 107,GUAYNABO,PR,971,Valid,430014,155 Calle Carazo Apt 107,Guaynabo,PR,00971-7802
430019,297 Kingsbury Grade Suite 208,Stateline,NV,89449,Valid,430019,297 Kingsbury Grade Ste 208,Stateline,NV,89449-9920
430026,10021 Hickman Road,,IA,10021,Valid,430026,10021 Hickman Road,Nan,IA,10021
430034,1945 Deer Creek Rd Unit 108,Monument,CO,80132,Valid,430034,1945 Deer Creek Rd Unit 108,Monument,CO,80132-9265
430035,3530 Foster Rd.,Foster,WV,25081,Valid,430035,3530 Foster Rd,Foster,WV,25081-6206
430044,4 Calle Villaronga,Barranquitas,PR,00794-1613,Valid,430044,4 Calle Villaronga,Barranquitas,PR,00794-1613
430055,728 N Scenic Hwy,Lake Wales,FL,33853,Valid,430055,728 N Scenic Hwy,Lake Wales,FL,33853-3208
430061,902 South Broadway Avenue,Oak Grove,MO,64075,Valid,430061,902 S Broadway,Oak Grove,MO,64075-8100
430062,PO Box 702,North Branch,MI,48461,Valid,430062,PO Box 702,North Branch,MI,48461-0702
430065,1481 Marshall Ave,St. Paul,MN,55104,Valid,430065,1481 Marshall Ave,Saint Paul,MN,55104-6316
430066,1811 SW E Ave,Lawton,OK,73501,Valid,430066,1811 SW E Ave,Lawton,OK,73501-4744
430074,carr #2 km 119.2 Bo Ceiba Baja,Aguadilla,PR,603,Valid,430074,2 Carr 2,Aguadilla,PR,00603
430079,445 Kauffman Ln,Northumberland,PA,17857,Valid,430079,445 Kauffman Ln,Northumberland,PA,17857-8688
430080,2051 W. Cessna Way,Tucson,AZ,85755,Valid,430080,2051 W Cessna Way,Tucson,AZ,85755-8895
430082,110 Private Road 8130,Bronson,TX,75930,Valid,430082,110 Private Road 8130,Bronson,TX,75930-3844
430085,8223 US Highway 60,Mountain View,MO,65548,Valid,430085,8223 US Highway 60,Mountain View,MO,65548-8093
430088,PO Box 1069,Tatum,TX,75691,Valid,430088,PO Box 1069,Tatum,TX,75691-1069
430089,845 SE Mosher Ave,Roseburg,OR,97470,Valid,430089,845 SE Mosher Ave,Roseburg,OR,97470-3961
430090,4250 Hancock Expy,Colorado Springs,CO,80911,Valid,430090,4250 Hancock Expy,Colorado Springs,CO,80911-6201
430099,PO Box 2679,Lyons,CO,80540,Valid,430099,PO Box 2679,Lyons,CO,80540-2679
430100,32 E. Alisal Rd Suite 210,Salinas,CA,93901,Valid,430100,32 E Alisal St Ste 210,Salinas,CA,93901-3404
430110,3111 Hwy 67,Corning,AR,72422,Valid,430110,3111 Highway 67,Corning,AR,72422-7249
430130,PO Box 125,Odell,OR,97044,Valid,430130,PO Box 125,Odell,OR,97044-0125
430139,5171 Ward Rd Unit 1,Wheat Ridge,CO,80033,Valid,430139,5171 Ward Rd Unit 1,Wheat Ridge,CO,80033-1940
430175,663 Main Avenue East,Twin Falls,ID,83301,Valid,430175,663 Main Ave E,Twin Falls,ID,83301-7114
430176,9711 Fuesser Road,Mascoutah,IL,62258,Valid,430176,9711 Fuesser Rd,Mascoutah,IL,62258-2702
430178,7039 Beacon Dr,Grand Prairie,TX,75054,Valid,430178,7039 Beacon Dr,Grand Prairie,TX,75054-7243
430186,Ave. Emerito Estrada Rivera #1976,San Sebastian,PR,685,Valid,430186,1976 Ave Emerito Estrada,San Sebastian,PR,00685-3031
430193,304 S. Franklin St.,Red Lion,PA,17356,Valid,430193,304 S Franklin St,Red Lion,PA,17356-9251
430198,172 Rt 28,Inlet,NY,13360,Valid,430198,172 Route 28,Inlet,NY,13360-1604
430199,Carr 694 KM0 HM4 Sector Monterey Suite #1 Plaza Santa Ana,Vega Alta,PR,692,Valid,430199,1 Carr 694,Vega Alta,PR,00692-6859
430204,1202 Plank Road St. Joseph,SAINT JOSEPH,LA,71366,Valid,430204,1202 Plank Rd,Saint Joseph,LA,71366-6629
430219,2682 Hubert Smith Dr,Bonifay,FL,32425,Valid,430219,2682 Hubert Smith Dr,Bonifay,FL,32425-7642
430222,5 Milk Street  Suite 420,Portland,ME,4101,Valid,430222,5 Milk St Ste 420,Portland,ME,04101-4126
430224,PO Box 140614,Arecibo,PR,614,Valid,430224,PO Box 140614,Arecibo,PR,00614-0614
430226,Carr. 159 Km 9.5 Bo. Padilla Sec El Empalme,Corozal,PR,783,Valid,430226,Carr 159,Corozal,PR,00783
430230,2329 Salado St,Denton,TX,76209,Valid,430230,2329 Salado St,Denton,TX,76209-7953
430232,772 Collins Road,Dothan,AL,36305,Valid,430232,772 Collins Rd,Dothan,AL,36305-5018
430234,LA LOMA 180 CARR 194 APT 315,FAJARDO,PR,738,Valid,430234,180 Carr 194 Apt 315,Fajardo,PR,00738-3508
430237,Carr. 569 KM. 6.6 Bauta Arriba,Orocovis,PR,720,Valid,430237,Carr. 569 Km. 6.6 Bauta Arriba,Orocovis,PR,
440000,PO Box 290,6100 Hwy 16,DE,76444,Valid,440000,PO Box 290,De Leon,TX,76444-0290
440029,1 E Sheridan Ave Ste 600,Oklahoma City,OK,73104,Valid,440029,1 E Sheridan Ave Ste 600,Oklahoma City,OK,73104-2503
440039,PO Box 368,McFarland,WI,53558,Valid,440039,PO Box 368,McFarland,WI,53558-0368
440062,11303 Aurora Ave,Urbandale,IA,50322,Valid,440062,11303 Aurora Ave,Urbandale,IA,50322-7908
440077,2075 S Pioneer Rd  Suite B,Salt Lake City,UT,84104,Valid,440077,2075 S Pioneer Rd Ste B,Salt Lake City,UT,84104-4237
440114,445 Nickel St,Greenville,PA,16125,Valid,440114,445 Nickel St,Greenville,PA,16125-8211
440116,2550 S Santan Village Parkway,Gilbert,AZ,85295,Valid,440116,2550 S San Tan Village Pkwy,Gilbert,AZ,85295-7852
440117,27492 TX-95,,TX,27492,Valid,440117,27492 Tx-95,Nan,TX,27492
440119,7582 County Road 19,Demopolis,AL,36732,Valid,440119,7582 County Road 19,Demopolis,AL,36732-6103
440121,1401 Presque Isle Ave.,Marquette,MI,49855,Valid,440121,1401 Presque Isle Ave,Marquette,MI,49855-2818
440123,6303 NC Highway 22 N,Climax,NC,27233,Valid,440123,6303 NC Highway 22 N,Climax,NC,27233-8064
440124,9095 SW 9th Ter,Ocala,FL,34476,Valid,440124,9095 SW 9th Ter,Ocala,FL,34476-8741
440127,111 S. Main Street,Waupaca,WI,54981,Valid,440127,111 S Main St,Waupaca,WI,54981-1521
440128,1622 4th Street,Peru,IL,61354,Valid,440128,1622 4th St,Peru,IL,61354-3508
440141,PO Box 243,Ukiah,CA,95482,Valid,440141,PO Box 243,Ukiah,CA,95482-0243
440142,3929 Airport Blvd STE 3-308,Mobile,AL,36609,Valid,440142,3929 Airport Blvd Ste 3-308,Mobile,AL,36609-2235
440144,PO Box 172,Floresville,TX,78114,Valid,440144,PO Box 172,Floresville,TX,78114-0172
440145,PO Box 361708,San Juan,PR,00936-1708,Valid,440145,PO Box 361708,San Juan,PR,00936-1708
440148,311 East Ste. Maries,Perryville,MO,63775,Valid,440148,311 E Ste Maries St,Perryville,MO,63775-2032
440150,PO Box 237,Buckhannon,WV,26201,Valid,440150,PO Box 237,Buckhannon,WV,26201-0237
440152,16343 Conneaut Lake Road,,PA,16343,Valid,440152,16343 Conneaut Lake Road,Nan,PA,16343
440156,209 E North 1st ST,Seneca,SC,29678,Valid,440156,209 E North 1st St,Seneca,SC,29678-3214
440159,224 W. Washington,Sequim,WA,98382,Valid,440159,224 W Washington St,Sequim,WA,98382-3371
440162,1930 5th St Suite C,Davis,CA,95616,Valid,440162,1930 5th St # C,Davis,CA,95616-4018
440167,172 Mable Road,Alpena,MI,49707,Valid,440167,172 Mable Rd,Alpena,MI,49707-9767
440171,20 Sylva Plaza,Sylva,NC,28779,Valid,440171,20 Sylva Plz,Sylva,NC,28779-5251
440175,96 Professional Parkway,Troy,MO,63379,Valid,440175,96 Professional Pkwy,Troy,MO,63379-2822
440179,1915 E TYLER ST,BROWNSVILLE,TX,78526,Valid,440179,1915 E Tyler St,Brownsville,TX,78520-6839
440183,27933 Road P,,CO,27933,Valid,440183,27933 Road P,Nan,CO,27933
440193,100 Pine Ave 103 Pine Ave,Brodhead,KY,40409,Valid,440193,103 Pine Ave,Brodhead,KY,40409-8145
440195,269 Glen Drive,Wharton,WV,25208,Valid,440195,269 Glen Dr,Wharton,WV,25208-9641
440198,100 N. Roland,McBain,MI,49657,Valid,440198,100 N Roland St,Mc Bain,MI,49657-9683
440200,PO Box 30560,,MD,30560,Valid,440200,Box 30560,Nan,MD,30560
440203,4630 50th Street,Amarillo,TX,79414,Valid,440203,4630 50th St,Lubbock,TX,79414-3521
450007,75 Trackside Circle,Grantsville,UT,84029,Valid,450007,75 Trackside Cir,Grantsville,UT,84029-9234
450015,427 Millionaire Dr W,Boulder,CO,80302,Valid,450015,427 Millionaire Dr W,Boulder,CO,80302-9285
450041,2233 University Ave W  Suite 450,St. Paul,MN,55114,Valid,450041,2233 University Ave W Ste 450,Saint Paul,MN,55114-1634
450044,1103 N 1600 W,LAYTON,UT,84041,Valid,450044,1103 N 1600 W,Layton,UT,84041-2058
450046,1007 Hwy 136 W,Monroeville,AL,36460,Valid,450046,1007 W St,Monroeville,AL,36460
450048,PO Box 1019,Waxahachie,TX,75168,Valid,450048,PO Box 1019,Waxahachie,TX,75168-1019
450050,1440 N 2nd Ave,Ajo,AZ,85321,Valid,450050,1440 N 2nd Ave,Ajo,AZ,85321-1606
450052,825 E. Sarah De Witt,Gonzales,TX,78629,Valid,450052,825 E Sarah Dewitt Dr,Gonzales,TX,78629-2018
450061,Urb. Estancias De Carmelina Calle 4 C11,Trujillo Alto,PR,976,Valid,450061,C11 Calle 4,Trujillo Alto,PR,00976-2424
450064,760 east hathaway ave,bronson,FL,32621,Valid,450064,760 E Hathaway Ave,Bronson,FL,32621-6705
450082,102 E Washington Ave,Navasota,TX,77868,Valid,450082,102 E Washington Ave,Navasota,TX,77868-3026
450085,311 Woodcock Rd,Plainfield,VT,05667-9579,Valid,450085,311 Woodcock Rd,Plainfield,VT,05667-9579
450089,9782 Jones Road,Mountain Iron,MN,55768,Valid,450089,9782 Jones Rd,Mountain Iron,MN,55768-8126
450106,PO BOX 416,Hartford,AL,36344,Valid,450106,PO Box 416,Hartford,AL,36344-0416
450109,POBox 239,Georgetown,MD,21930,Valid,450109,PO Box 239,Georgetown,MD,21930-0239
450113,722 N. California St  Suite 4,Socorro,NM,87801,Valid,450113,722 N California St Ste 4,Socorro,NM,87801-5216
450117,9480 Route 422 Hwy W,Shelocta,PA,15774,Valid,450117,9480 Route 422 Hwy W,Shelocta,PA,15774-7427
450128,1900 Macedonia Rd,Morristown,TN,37814,Valid,450128,1900 Macedonia Rd,Morristown,TN,37814-5807
450129,3105 Lincoln Highway East,Paradise,PA,17562,Valid,450129,3105 Lincoln Hwy E,Paradise,PA,17562-9648
450135,PO Box 1314,Point Reyes Station,CA,94956,Valid,450135,PO Box 1314,Point Reyes Station,CA,94956-1314
450136,808 Fernandez Juncos Ave.,San Juan,PR,907-4314,Valid,450136,808 Ave Fernandez Juncos,San Juan,PR,00907-4314
450155,5100 B Pierce Ct.,Evans,GA,30809,Valid,450155,5100 Pierce Ct Ste B,Evans,GA,30809-4351
450162,174 Calle Marginal City,Santa Isabel,PR,00757,Valid,450162,174 Calle Marginal,Santa Isabel,PR,00757-2460
450172,PO Box 865,Rolla,MO,65401,Valid,450172,PO Box 865,Rolla,MO,65402-0865
460000,24700 Northwestern Hwy,,MI,24700,Valid,460000,24700 Northwestern Hwy,Nan,MI,24700
460009,920 W Highway St,Jetmore,KS,67854,Valid,460009,920 W Highway St,Jetmore,KS,67854-9033
460012,11720 COUNTY ROAD 3570,,OK,11720,Valid,460012,11720 County Road 3570,Nan,OK,11720
460013,PO Box 2400  Suite 178,Aibonito,PR,705,Valid,460013,PO Box 2400,Aibonito,PR,00705-2400
460027,106 Power Drive,Pikeville,KY,41501,Valid,460027,106 Power Dr,Pikeville,KY,41501-3330
460031,PO Box 6,Escalon,CA,95320,Valid,460031,PO Box 6,Escalon,CA,95320-0006
460033,166 Boulder Drive  106B,Fitchburg,MA,1420,Valid,460033,166 Boulder Dr Ste 106B,Fitchburg,MA,01420-3168
460037,1300 Greenbriar,Kinston,NC,28501,Valid,460037,1300 Greenbriar Rd,Kinston,NC,28501-2626
460039,HC 60 Box 4690-1,Delta Junction,AK,99737,Valid,460039,HC 60 Box 4690-1,Delta Junction,AK,99737-9407
460042,487 Holly Drive,Homerville,GA,31634,Valid,460042,487 Holly Dr,Homerville,GA,31634-1629
460045,1301 Vandiver Dr.  Suite K,Columbia,MO,65202,Valid,460045,1301 Vandiver Dr Ste K,Columbia,MO,65202-3916
460046,PO Box 510,Dulce,NM,87528,Valid,460046,PO Box 510,Dulce,NM,87528-0510
460052,PO Box 1139,Sagle,ID,83860,Valid,460052,PO Box 1139,Sagle,ID,83860-1139
460053,10700 Ford Street Box 2445,,CA,10700,Valid,460053,10700 Ford Street Box 2445,Nan,CA,10700
460054,23840 Dequindre Rd,,MI,23840,Valid,460054,23840 Dequindre Rd,Nan,MI,23840
460057,4820 She-Nah-Num Dr se,Olympia,WA,98513,Valid,460057,4820 She Nah Num Dr SE,Olympia,WA,98513-9105
460061,Calle Americo Hernandez #14,Moca,PR,676,Valid,460061,14 Calle Americo Hernandez,Moca,PR,00676-5000
460062,1211 W 36th N,Tulsa,OK,74127,Valid,460062,1211 W 36th St N,Tulsa,OK,74127-1517
460066,PO BOX 5015 PMB 124,San Lorenzo,PR,754,Valid,460066,PO Box 5015 PMB 124,San Lorenzo,PR,00754-5015
460070,PO Box 5442,Caguas,PR,00726-5442,Valid,460070,PO Box 5442,Caguas,PR,00726-5442
460073,14671 South 1690 West,,UT,14671,Valid,460073,14671 South 1690 West,Nan,UT,14671
460076,33280 Winnemac Rd,,OH,33280,Valid,460076,33280 Winnemac Rd,Nan,OH,33280
460083,1008 Avenue F,Plains,TX,79355,Valid,460083,1008 Avenue F,Plains,TX,79355
460084,307 Sw 11th St,Seminole,TX,79360,Valid,460084,307 SW 11th St,Seminole,TX,79360-4105
460086,1116 avenida munoz rivera  ,Ponce,PR,717,Valid,460086,1116 Ave Munoz Rivera,Ponce,PR,00717-0643
460087,2001 L Street  NW  Suite 400,Washington,DC,20036,Valid,460087,2001 L St NW Ste 400,Washington,DC,20036-4946
460089,2347 Curtis Street,Denver,CO,80205,Valid,460089,2347 Curtis St,Denver,CO,80205-2627
460091,PO box 1194,San Sebastian,PR,685,Valid,460091,PO Box 1194,San Sebastian,PR,00685-1194
460092,3301 N Thanksgiving Way Suite #100,Lehi,UT,84043,Valid,460092,3301 N Thanksgiving Way Ste 100,Lehi,UT,84043-4129
460093,PO BOX 356,WHITEWATER,WI,53190,Valid,460093,PO Box 356,Whitewater,WI,53190-0356
460094,25 North 200 West,Henefer,UT,84033,Valid,460094,25 N 200,Henefer,UT,84033
460099,17375 US Highway 70,,OK,17375,Valid,460099,17375 Us Highway 70,Peach Glen,PA,17375-0001
460100,627 W Centennial Ave,Carthage,MO,64836,Valid,460100,627 W Centennial Ave,Carthage,MO,64836-2847
460104,162 White Oak Road  Suite R,Santa Ynez,CA,93460,Valid,460104,162 White Oak Rd Ste R,Santa Ynez,CA,93460-9643
460511,7000 E Belleview Ave  Suite 250,Greenwood Village,CO,80111,Valid,460511,7000 E Belleview Ave Ste 250,Greenwood Village,CO,80111-1663
460515,411 W. Flint St.,Davison,MI,48423,Valid,460515,411 W Flint St,Davison,MI,48423-1003
460531,8447 SW 99th Street Rd,Ocala,FL,34481,Valid,460531,8447 SW 99th Street Rd,Ocala,FL,34481-9067
460569,206 Sampson Road,Waterford,OH,45786,Valid,460569,206 Sampson Rd,Waterford,OH,45786-5277
460582,8 E BROADWAY ST #550,Salt Lake City,UT,84111,Valid,460582,8 E Broadway Ste 550,Salt Lake City,UT,84111-2229
460584,267 Whitten Rd,Hallowell,ME,4347,Valid,460584,267 Whitten Rd,Hallowell,ME,04347-3034
460596,1876 Moores Lane,West Portsmouth,OH,45663,Valid,460596,1876 Moores Ln,West Portsmouth,OH,45663-8970
460598,30030 Mission Blvd,,CA,30030,Valid,460598,30030 Mission Blvd,Nan,CA,30030
460604,2444 Carr. 100,Cabo Rojo,PR,00623-4470,Valid,460604,2444 Carr 100,Cabo Rojo,PR,00623-4470
460615,440 W 200 N  Unit 6,Bountiful,UT,84010,Valid,460615,440 W 200 N Ste 6,Bountiful,UT,84010-7142
460616,PO box 398,Blue Eye,MO,65611,Valid,460616,PO Box 398,Blue Eye,MO,65611-0398
460625,3810 W Idaho Blvd,Emmett,ID,83617,Valid,460625,3810 W Idaho Blvd,Emmett,ID,83617-8923
460630,8428 W. Gage Blvd  Suite F,Kennewick,WA,99336,Valid,460630,8428 W Gage Blvd Ste F,Kennewick,WA,99336-7116
460632,354 River St.,Springfield,VT,5156,Valid,460632,354 River St,Springfield,VT,05156-2242
460637,16255 Grant St,,IL,16255,Valid,460637,16255 Grant St,Nan,IL,16255
460638,1137 N 4220 Rd,Hugo,OK,74743,Valid,460638,1137 N 4220 Rd,Hugo,OK,74743-8513
460646,200 Village Road,Midway,GA,31320,Valid,460646,200 Village Rd,Midway,GA,31320-4553
460660,1400 Broadfield Blvd Suite 200,Houston,TX,77084,Valid,460660,1400 Broadfield Blvd Ste 200,Houston,TX,77084-5162
460662,13626 Savanna Dr,,IL,13626,Valid,460662,13626 Savanna Dr,Nan,IL,13626
460668,555 Main St,Meeker,CO,81641,Valid,460668,555 Main St,Meeker,CO,81641
460679,111 Mulberry Street  Suite LL,Newark,NJ,7102,Valid,460679,111 Mulberry St Ste Ll,Newark,NJ,07102-4008
460685,5610 E La Palma Ave,,LA,92807,Valid,460685,5610 E La Palma Ave,Anaheim,CA,92807-2110
470009,PO Box 300,Ochelata,OK,74051,Valid,470009,PO Box 300,Ochelata,OK,74051-0300
470029,S Hwy 71  nullS Hwy 71,Jackson,MN,56143,Valid,470029,Highway 71 S,Jackson,MN,56143
470044,280 E Wood Road,Rensselaer,IN,47978,Valid,470044,280 E Wood Rd,Rensselaer,IN,47978-7508
470048,5476 Ignacio Frias Dr,El Paso,TX,79934,Valid,470048,5476 Ignacio Frias Dr,El Paso,TX,79934-3178
470052,PO Box 112,Camargo,IL,61919,Valid,470052,PO Box 112,Camargo,IL,61919-0112
470062,5780 Fox Tr,Florence,MT,59833,Valid,470062,5780 Fox Trl,Florence,MT,59833-6661
470070,4730 S. FORT APACHE RD SUITE 300,Las Vegas,NV,89147,Valid,470070,4730 S Fort Apache Rd Ste 300,Las Vegas,NV,89147-7947
470073,111 W Ocean Blvd  4th Floor,Long Beach,CA,90802,Valid,470073,111 W Ocean Blvd Fl 4,Long Beach,CA,90802-4633
470078,1809 Main St,Baker City,OR,97814,Valid,470078,1809 Main St,Baker City,OR,97814-3448
470079,319 Calle Primavera,319 Calle Primavera,LA,,Valid,470079,319 Calle Primavera,319 Calle Primavera,LA,
470109,14817 W. Hwy 53,,ID,14817,Valid,470109,14817 W. Hwy 53,Nan,ID,14817
470111,1477 Hills Road,Newburgh,IN,47630,Valid,470111,1477 Hills Rd,Newburgh,IN,47630-9784
470112,Calle Maceo #4,Bayamon,PR,960,Valid,470112,4 Calle Maceo,Bayamon,PR,00961-6337
470113,103 W 10th ST,METROPOLIS,IL,62960,Valid,470113,103 W 10th St,Metropolis,IL,62960-1571
470122,PO Box 2732,Yakima,WA,98907,Valid,470122,PO Box 2732,Yakima,WA,98907-2732
470129,6195 Ford Wellpinit Road,Wellpinit,WA,99040,Valid,470129,6195 Ford Wellpinit Rd,Wellpinit,WA,99040-9707
470133,769 E Country Club Dr,Benson,AZ,85602,Valid,470133,769 E Country Club Dr,Benson,AZ,85602-7001
480015,4002 W 8th St.,Yankton,SD,57078,Valid,480015,4002 W 8th St,Yankton,SD,57078-6866
480023,Carr 829 km 6.3,Bayamon,PR,956,Valid,480023,Carr 829 Km 6.3,Bayamon,PR,
480033,3437 Ave Militar,Isabela,PR,662,Valid,480033,3437 Ave Militar,Isabela,PR,00662-4083
480039,14 Joans Court,Chestertown,NY,12817,Valid,480039,14 Joans Ct,Chestertown,NY,12817-3709
480097,2221 Justice St,Monroe,LA,71201,Valid,480097,2221 Justice St,Monroe,LA,71201-3619
480116,500 Big A Rd,Toccoa,GA,30577,Valid,480116,500 Big a Rd,Toccoa,GA,30577-6005
480118,100 Throckmorton  Suite 1630,Fort Worth,TX,76102,Valid,480118,100 Throckmorton St Ste 1630,Fort Worth,TX,76102-2846
480120,1706 2nd St,Cheney,WA,99004,Valid,480120,1706 2nd St,Cheney,WA,99004-1910
490004,208 Pelican Ridge Cv,Carencro,LA,70520,Valid,490004,208 Pelican Ridge Cv,Carencro,LA,70520-5853
490006,4813 Bob Wills Dr,Fort Worth,TX,76244,Valid,490006,4813 Bob Wills Dr,Fort Worth,TX,76244-6088
490008,216 W 26th Street,Bryan,TX,77803,Valid,490008,216 W 26th St,Bryan,TX,77803-3268
490011,PO Box 25,Monroe,OK,74947,Valid,490011,PO Box 25,Monroe,OK,74947-0025
490033,2590 S. Zephyr Ct.,,CT,80227,Valid,490033,2590 S Zephyr Ct,Lakewood,CO,80227-3242
490062,977 West 100 North,Blackfoot,ID,83221,Valid,490062,977 W 100 N,Blackfoot,ID,83221-5318
490066,PO Box 246,Hubbard,OH,44425,Valid,490066,PO Box 246,Hubbard,OH,44425-0246
490071,57280 Yucca Trail #2522,,CA,57280,Valid,490071,57280 Yucca Trail #2522,Nan,CA,57280
500013,5900 Balcones Dr STE 100,Austin,TX,78731,Valid,500013,5900 Balcones Dr Ste 100,Austin,TX,78731-4298
500027,21214 Babcock Rd,,TX,21214,Valid,500027,21214 Babcock Rd,Nan,TX,21214
500028,7406 NE 330th Street,,NE,64429,Valid,500028,7406 NE 330th St,Cameron,MO,64429-8038
500031,3120 Southwest Fwy,Ste 101,TX,70643,Valid,500031,3120 Southwest Fwy,Ste 101,TX,70643
500039,2585 Millennium Dr  Suite G,Elgin,IL,60123,Valid,500039,2585 Millennium Dr Ste G,Elgin,IL,60124-7822
500040,PO Box 1306,Craig,CO,81626,Valid,500040,PO Box 1306,Craig,CO,81626-1306
500043,11646 Ney Avenue,,LA,11646,Valid,500043,11646 Ney Avenue,Nan,LA,11646
500079,4722 Calle Elegante,Tucson,AZ,85748,Valid,500079,4722 E Calle Elegante,Tucson,AZ,85718-3733
500080,1901 Sunset Drive,Poplar Bluff,MO,63901,Valid,500080,1901 Sunset Dr,Poplar Bluff,MO,63901-2820
