customer,address,city,state,zip
130008,207 East Cedar,Houston,MN,55943
130029,136 Misty Marie Lane,Ketchikan,AK,99901
130032,12301 W Explorer Dr,Boise,ID,83713
130034,427 North Broadway Street,Joshua,TX,76058-1000
130037,50 W 100 N,Kamas,UT,84036
130043,102 3rd St,ALMA,MO,64001
130045,923 Humphrey St,Elkader,IA,52043
130059,22960 Pemberville OH,Luckey,OH,43443
130062,104 East Ave K4 Suite K,Lancaster,CA,93535
130065,524 Nebraska Ave,Arapahoe,NE,68922
130074,150 2nd Street SW,Perham,MN,56573
130077,601 New Jersey Ave NS Suite 650,Washington,DC,20001
130081,600 Telephone Ave MS 60,Anchorage,AK,99503
130090,532 Broadway Ave,Des Moines,NM,88418
130097,123 West Orchard,Delton,MI,49046
130098,PO Box 316,Bascom,OH,44809
130103,2481 E. Palo Verde,Yuma,AZ,85365
130105,603 FM2093 Suite 1101,Fredericksburg,TX,78624
130106,2000 Sunset Road,Lake Point,UT,84074
130116,1805 N Dixie Hwy,Lima,OH,45801
130120,110 Jess Street,Bernard,IA,52032
130123,808 North Fifth Street,Alpine,TX,79830
130124,24 S. Minnesota,Cape Girardeau,MO,63702
130126,PO BOX 276,Byers,CO,80103
130132,1221 North Russell Street,Missoula,MT,59808-6568
130133,1025 Connecticut Ave. N.W. Suite 1000,WASHINGTON,DC,20036
130144,1559 Pony Express Highway,Home,KS,66438
130154,112 East Main Street,Breda,IA,51436
130161,1772 Steiger Lake Ln,Victoria,MN,55386
130183,210 E. Earll Drive,Phoenix,AZ,85012-2626
130189,513 Main Street,Copperopolis,CA,95228
130192,111 East First Street,Geneseo,IL,61254
130193,130 Superior Street,Cambridge,ID,83610
130201,25 S Colorado St,Carnegie,OK,73015
130208,100 Redbud Rd,Virginia,IL,62691
130218,1 Utility Parkway,Cedar Falls,IA,50613
130250,104 West Main Street,Madelia,MN,56062
130254,1177 Bishop St Ste 17,Honolulu,HI,96813
130258,11 S Madison Ave,Cookeville,TN,38501
130263,1905 Walnut St.,Higginsville,MO,64037
130268,426 N WAYNE ST,WARREN,IN,46792
130275,2970 Tongass Ave,Ketchikan,AK,99901-5742
130279,2 E McClain Ave,Scottsburg,IN,47170
130287,11767 East Clarksville Road,,IL,11767
130307,POBox 608,Santa Anna,TX,76878
130309,7280 Rapid City Rd,Rapid City,MI,49676
130311,4915 US Hwy 77 South,PO Box 130,LA,78945
130315,6100 Hwy 16,DeLeon,TX,76444
130316,1211 W. Sharon Road,Cincinnati,OH,45240
130325,2898 350th St.,Hull,IA,51239
130327,10184 State Hwy 25 E,,TX,10184
130329,343 Grant Rd.,East Wenatchee,WA,98802
130331,1162 Barrow St.,Houma,LA,70360
130344,516 Sherman St,Menlo,IA,50164
130349,329 Fairbanks Street,Valdez,AK,99686
130353,108 Main Street,Wall Lake,IA,51466
130366,101 Cimarron Street,Mannford,OK,74044
130378,1101 E Main AVE,Challis,ID,83226
130385,4200 Teal Rd.,Petersburg,MI,49270
130400,610 S. Main St.,Dell City,TX,79837
130453,455 East Highway 29,Orangeville,UT,84537
130458,7111 N Prince St,Clovis,NM,88102
130464,1013 State Highway 155 N,Gilmer,TX,75644
130477,801 19th Street,HARLAN,IA,51537
130479,319 SW 3rd St,Fruitland,ID,83619
130481,720 N Perry St,Napoleon,OH,43545
130487,26077 Hwy 491,PLEASANT VIEW,CO,81331
130489,615 Iowa Street,Essex,IA,51638
130490,1101 East Main Street,Kingstree,SC,29556
130492,120 Stewart Street,Bernie,MO,63822
130500,1420 South Blaine Suite 10,Moscow,ID,83843
130502,PO Box 448,MULESHOE,TX,79347
130509,8490 South Highway 95  Suite 104,Mojave Valley,AZ,86440
130527,800 Central Ave N.,Brandon,MN,56315
130532,9155 N County Rd 200 E,Frankfort,IN,46041-7799
130534,2550 Denali St Suite 100,Anchorage,AK,99503-2737
130546,510 West Gage St.,Blue Hill,NE,68930
130553,927 North Parkerson Avenue,Crowley,LA,70527
130559,705 Clinton Street,Grand Mound,IA,52751
130580,29 S Main,Gunnison,UT,84634
130581,108 N Main,Holyrood,KS,67450
130584,201E Rt 142,Dahlgren,IL,62828
130588,2255 Kimseys Run Rd,Lost River,WV,26810
130590,35 1st Ave NE,,NE,55939
130598,PO Box 130,Union,IA,50258
130605,110 South Linclon Ave,Hershey,NE,69143
130606,58 Johnson Street,Winona,MN,55987
130612,220 Carolyn St,Ingram,TX,78025
130614,PO Box 1040,Hinton,OK,73047
130622,10410 US Hwy 10 W,Missoula,MT,59808
130624,213 S. Main St.,Waterloo,IL,62298
130631,104 Crook St,Coin,IA,51636
130634,9 Park Place,Carbondale,PA,18407
130647,4460 happy springs rd,Redboiling springs,TN,37150
130651,103 South 2nd St,Roslyn,WA,98941
130663,1225 Sage Street,Gering,NE,69341
130673,234 E 1st Ave,Groton,SD,57445
130682,510 B. Avenue,Kalona,IA,52247-1208
130684,21 N Main,Caldwell,KS,67022
130685,110 N Irving Dr.,Kaplan,LA,70549
130690,PO Box 150,Nicholville,NY,12965
130692,710 West Main Street,Sterling,CO,80751
130707,PO Box 23320,Santa Fe,NM,87502
130709,400 Pine Street,PO Box 8,LA,52054
130711,109 W 6TH Street,La harpe,KS,66751
130728,220 W. Broadway,Hobbs,NM,88240
130741,279 Ponce De Leon Avenue,San Juan,PR,918
130743,747 Main Street,Pioche,NV,89043
130748,230 E 3rd St,Lismore,MN,56155
130749,555 E. Main Street,Evansville,WI,53536
130757,501 4th Street,Sergeant Bluff,IA,51054
130771,117 North Third Street,Madison,KS,66860
130772,25 Magtel Drive,Booneville,AR,72927
130774,210 South D Street,Oskaloosa,IA,52577
130781,48054 State Highway 6,Hurdland,MO,63547
130787,211 Main,Massena,IA,50853
130794,PO Box 266,MANNFORD,OK,74044
130804,One Mediacom Way,Mediacom Park,NY,10918
130805,652 Main Street,Mediapolis,IA,52637
130814,29 N. Central Ave.,Staunton,VA,24401
130817,Box 328 1120 Old Elkins RD,Buckhannon,WV,26201
130821,3600 Minnesota Drive Suite 700,Minneapolis,MN,55435
130826,904 C Avenue,Circle,MT,59215
130829,4100 Oklahoma Ave,Trenton,MO,64683
130831,2120 L Street  N.W. Suite 300,Washington,DC,20037
130833,812 South 10th Street,Saint Joseph,MO,64501-3694
130834,1567 E. 93rd Ave.,MERRILLVILLE,IN,46410-7039
130845,100 S. Main,Woodward,IA,50276
130853,311 N MARKET ST,Monon,IN,47959
130860,145 N. Main,Lenora,KS,67659
130862,200 E. Main Street,Mount Horeb,WI,53572
130874,59 W Main St.,Dubois,ID,83423
130877,339 1st Ave.  N.E.,Sioux Center,IA,51250
130878,28 West Division Street,Morning Sun,IA,52640
130886,1224 West Platte Avenue,Fort Morgan,CO,80701
130887,1006 12th Street,Aurora,NE,68818
130890,61 HWY 13 South 61 Hwy 13 S,Scobey,MT,59263
130903,301 WEST SOUTH STREET,NEW KNOXVILLE,OH,45871-219
130904,6369 East Dublin Pike,New Lisbon,IN,47366
130906,PO BOX 428,HECTOR,MN,55342
130919,104 W Walker St,Wittenberg,WI,54499
130921,301 North Washington Street,Hebron,IN,46341
130926,PO Box 959,Wilkesboro,NC,28697
130937,450 Security Blvd.,Green Bay,WI,54313
130938,800 S. Main St.,Monona,IA,52159
130953,844 Wood Street,Havelock,IA,50546
130962,421 Main Street,Nucla,CO,81424
130967,767 N,Porterville,CA,93257
130999,890 S. Marine Corps Dr,Tamuning,GU,96913
131007,603 S Main,Guymon,OK,73942
131008,114 East Main Street,Panora,IA,50216
131009,100 Main Street,Underwood,MN,56586
131016,255 PINE AVE N,OLDSMAR,FL,34677
131017,6285 Lehman Dr. Ste. 100,Colorado Springs,CO,80918
131019,PO Box 9,Peace Valley,MO,65788
131021,601 Main,Peetz,CO,80747
131025,4011 West Main,Artesia,NM,88210
131031,102 N. Stephens St.,Quitman,TX,75783
131034,240 South Interocean,Holyoke,CO,80734
131039,210 N Park,Broken Bow,OK,74728
131043,611 Patterson  Box 490,Cambridge,NE,69022
131044,PO Box 707,Ulysses,KS,67880
131045,108 E. ROBBERTS AVENUE,KINGFISHER,OK,73750
131046,1304 Main St.,Philomath,OR,97370
131050,112 S Main St,Plainview,NE,68769
131055,PO Box 1340,Tahoka,TX,79373-1340
131057,47034 Road 201,,CA,47034
131075,507 G Street,Rupert,ID,83350
131076,PO Box 669,Reynolds,GA,31076
131090,12 South First Street,Dubois,WY,82513
131096,121 Main St.,Readlyn,IA,50668
131097,510 Broadway,Abercrombie,ND,58001-136
131106,221 West Main ST,Reynolds,IL,61279-27
131116,106 E Robins Street,Graettinger,IA,51342
131117,104 South 8th Street,Riviera,TX,78379
131122,205 Main Street,New Effington,SD,57255
131124,117 W 8th St,Rochester,IN,46975
131126,214 S. Main Street,Rock Port,MO,64482
131128,519 Front Street,Roggen,CO,80652-100
131129,312 Main Street SW,Ronan,MT,59864
131131,201 W 2nd St,Portales,NM,88130
131139,100 RUNESTONE DRIVE,HOFFMAN,MN,56339-336
131141,145 N. Main St,Lenora,KS,67645
131145,320 KANSAS AVE,BREWSTER,KS,67732
131148,10190 E. McKellips Rd,,AZ,10190
131180,111 State and Broadway,Lovington,IL,61937
131190,PO Box 226,Freedom,WY,83120
131191,5225 N. Sabino Canyon Rd.,Tucson,AZ,85750
131207,15533 Johnson Place,,CA,15533
131208,1500 South White Mountain Road,Show Low,AZ,85901
131219,318 N 100 East,Kanab,UT,84741
131234,939 South Texas Hwy 55,Rocksprings,TX,78880
131250,PO BOX 716,Stanton,NE,68779
131261,127 Sun Street,Stelle,IL,60919
131285,PO Box 97,Swayzee,IN,46986
131286,210 N. Main Street,Sweetser,IN,46987
131296,9796 N I-20,Merkel,TX,79536-370
131309,624 N Marine Corp Drive,Tamuning,GU,96913
131310,525 Junction Road  SUITE 7000,Madison,WI,53717
131320,111 Harrison Ave. Ste. LL-001,Oklahoma City,OK,73104-1816
131329,126 Scioto Street,Urbana,OH,43078
131347,183 Plomondon Road,Toledo,WA,98591
131362,120 EAST 1ST ST,LEWISVILLE,AR,71845
131366,1601 S Park Dr,Cody,WY,82414
131367,2121 Highway 2 NW,Havre,MT,59501
131378,396 Griffin Road  Suite 110,Bangor,ME,4401
131379,3205 Cedar Street,Muscatine,IA,52761
131383,503 St Francis Dr,Tularosa,NM,88352
131384,4100 Plantation Dr,Cookeville,TN,38506
131387,211 East 200 North,Roosevelt,UT,84066-398
131394,216 N Main,Everly,IA,51338
131395,1107 McArtor Rd,Dodge City,KS,67801-117
131396,120 Taylor St,Chapel Hill,TN,37034
131400,1331 7th Street Unit A,Berkeley,CA,94710
131408,702 Main Avenue,Moorhead,MN,56560
131411,752 E Maley,Willcox,AZ,85643
131412,100 East Wilson,Valliant,OK,74764
131413,4005 N Rodney Parham Rd  Mailstop F01-1114B,Little Rock,AR,72212
131416,PO Box 700,Ducor,CA,93218
131418,187 N Water St,Vaughnsville,OH,45893
131421,PO Box 6,Escalon,CA,95320-6
131431,1106 13th St P O Box 309,Viola,IL,61486
131444,6670 Wabash Rd.,Celina,OH,45822
131448,1009 Lincoln Ave,Wamego,KS,66547
131453,24029 Udall Road,Parsons,KS,67357
131463,413 North Calhoun Street,West Liberty,IA,52776
131475,PO Box 99,Rosburg,WA,98643
131476,1500 W. Business 20,Stanton,TX,79782
131482,222 South Main Street,Karlstad,MN,56732-217
131486,1400 River Street,Wilkesboro,NC,28697
131497,17813 E. Appleway Avenue,Spokane Valley,WA,99016
131506,337 Aetna St,Ruthton,MN,56170
131507,227 West Herman St.,Woolstock,IA,50599
131512,12324 US Hwy 87,Dalhart,TX,79022
131613,PO Box 308,Sully,IA,50251
140033,PO BOX 89,Filer,ID,83328
140043,6 E. Aspen  Suite 240,Flagstaff,AZ,86001
140048,61 Inverness Dr E  Suite 250,Englewood,CO,80112
140064,417 Wayne Avenue  Suite 102,Defiance,OH,43512
140078,126 N. Hobson St.,Virden,IL,62690
140084,369 E Pioneere Ave Suite B,Homer,AK,99603
140092,22 Spruce,Miltonvale,KS,67466
150120,365 Main St.,Little River,KS,67457
150249,118 Kentucky Ave SE,Washington,DC,20003
150250,318 Commercial Street,Diller,NE,68342
150254,1090A Pacific Ave,Bremen,GA,30110
150272,108 1st St. NE,Hampton,IA,50441
150287,1120 N Moapa Valley Blvd,Overton,NV,89040
150290,PO Box 191995,San Juan,PR,00919-1995
150313,5901 -J Wyomiong Blvd NE #266,,NE,87109
150323,601 N. Deer Creek Drive E.,Leland,MS,38756
150327,30208 US Hwy 136,Maryville,MO,64468
150330,16885 SW Mannsland Place,,OR,16885
150335,1815 E. Jackson St.,El Campo,TX,77437
150336,12800 NW Bishop Road,Hillsboro,OR,97124
150339,CENTRO INTERNACIONAL DE MERCADEO 90 CARR 165 SUITE 201,GUAYNABO,PR,968
150341,PO Box 962,GARDINER,MT,59030
160103,7251 Cemetery Rd,Curran,MI,48728
160127,314 W Yankie Street,Silver City,NM,88062
160141,73233 State Route 70,Portola,CA,96122
160151,1165 South 6th Street,Macclenny,FL,32063
160160,101 3rd Avenue SW Suite 400,Cedar Rapids,IA,52404
160162,913 La Paloma Road,Key Largo,FL,33037
170012,PO Box 478,Pago Pago,AS,96799
170025,131 S. Main St.,Mount Pleasant,MI,48858
170047,47084 Black Walnut Pkwy.,Woodsfield,OH,43793
170054,435 E. Tabernacle Street  Suite 201,St. George,UT,84770
170071,7400 Mineral Drive Suite 300,Coeur d'Alene,ID,83815
180048,1801 North Himes Avenue,Tampa,FL,33607
180064,3406 McNiel Ave,Wichita Falls,TX,76308
190002,PO Box 101,Whitethorn,CA,95589
190003,205 E Henderson,Cleburne,TX,76031
190025,2765 Michigan Ave Rd NE,Cleveland,TN,37323
190053,1325 Barksdale Blvd Suite 100,Bossier City,LA,71111
190059,3467 Township Line Road,Poplar Bluff,MO,63901
190083,PO BOX 1629,Coffeyville,KS,67337
190101,102 S Eastern St,Sanborn,IA,51248
190103,451 W. South St,Freeport,IL,61032
190123,1065 Marauder Street,Chico,CA,95973
190139,301 N. Trade St.,Tryon,NC,28782
190150,1605 9th Street,Sioux City,IA,51101
190155,14530 South Commercial,,CA,14530
190169,705 Madison St.,Lake Geneva,WI,53147
190187,1820 East 9th Street,Hopkinsville,KY,42240
190208,102 State Route 850,Gallipolis,OH,45631
190211,1362 Wabash Ave,Terre Haute,IN,47807
190233,PO Box 105,Lawton,OK,73502
190236,3400 SW Van Buren Street,Topeka,KS,66611
190244,PO Box A,GRANITE FALLS,MN,56241
190265,1 N Juniata Street,Lewistown,PA,17044
190280,27 Calle Gonzalez Giusti  STE 100  Edif. Tres Rios  , Guaynabo,PR,968
190284,185 Ilipog Drive  HBC 204A,Tamuning,GU,96913
190303,1151 Valley Mall Parkway,East Wenatchee,WA,98802
190305,2975B Manchester Road,Manchester,MD,21102
190311,448 Ignacio Blvd PMB 144,Novato,CA,94949
190312,PO Box 430,Canon City,CO,81215
190313,190 S 1st East ST,Cheyenne Wells,CO,80810
190335,219 W. Emmitt Ave,Waverly,OH,45690
190406,11712 E. Sprague Ave #14244,Spokane Valley,WA,99214
190410,111 Old Mill Lane,Buhler,KS,67522
190419,PO Box 1150,Prosser,WA,99350
190428,10 Telecom Lane,Peridot,AZ,85542
190501,3307 W Commercial,Marion,IL,62959
190506,4200 Rodeo Rd,Santa Fe,NM,87507
200006,2066 Sharp Rock Rd,Ava,IL,62907
200032,7115 Forthun Rd Suite 100,Baxter,MN,56425
210018,97 Lake St,Elk Rapids,MI,49629
210042,1100 Wayne St  Ste 1337,Troy,OH,45373
210046,PO Box 807,Edenton,NC,27932
210080,64902nd Street,Traer,IA,50675
210092,PO Box 2600,Hot Springs,AR,71914
210101,148 39th Street Suite A12,Brooklyn,NY,11232
210105,PO Box 1179,La Vernia,TX,78121
220001,PO Box 500306 CK  Tekken St.  Susupe,Saipan,GU,96950
220007,PO BOX 5391,Maryville,TN,37802
220015,PO Box 700452,San Antonio,TX,78270
220027,51061 S.R. 933,South Bend,IN,46637
220058,PO Box 3116,Diamond Springs,CA,95619
220061,716 E Mckinney,Denton,TX,76201
220073,123 W. 1st St  C-95,Casper,WY,82601
230008,7372 SW 48 Street,Miami,FL,33155
230011,1502 Cole Street,Enumclaw,WA,98022
230022,321 E. Breckinridge,Louisville,KY,40203
230036,350 Tracie Rd,Pasco,WA,99301-8895
230043,27850 Harris Rd,La Junta,CO,81050
230050,PO Box 569,Lockhart,TX,78644-569
230056,50 E Commerce Dr. Suite 106,Schaumburg,IL,60173
230062,421 S. Main St.,Cave City,AR,72521
240010,1311 Bedford Dr,Melbourne,FL,32940
240017,320 McCombs,Chaparral,NM,88081
240035,PO Box 263,Caspian,MI,49915
240041,1600 Amphitheatre Parkway,Mountain View,CA,94043-9404
240056,69 Teahouse St,Las Vegas,NV,89138
240058,200 JEFFERSON HEIGHTS,CATSKILL,NY,12414
240068,307 EAST AVENUE E,ALPINE,TX,79831
240081,414 Main St,Reinbeck,IA,50669
240109,PO Box 1420,Helena,MT,59624
240119,500 West Overland Ave Suite 310,El Paso,TX,79901
250014,601 A St. SE,Ardmore,OK,73401
250027,401 S. Meridian St,Lebanon,IN,46052
250028,3795 COLLINS ROAD EAST,GILLETTE,WY,82718
250053,PO Box 1761,Moriarty,NM,87035
250066,PO Box 204,Mansfield,MO,65704
250070,1931 N King ST,Honolulu,HI,96819
250081,5320 W 159th Street Suite 503,Oak Forest,IL,60452-3335
250090,937 West Main Street,Riverton,WY,82501
250099,615 Parkway Ave,Haileyville,OK,74546
250102,7877 SE Troxler Ln,Lawson,MO,64062
260003,300 Industrial Drive,Random Lake,WI,53075
260010,412 S UNION AVE,NEWPORT,WA,99156
260016,412 S Broadway,Tyler,TX,75702
260019,449 Arthur Kirk Road,Beebe,AR,72012
260025,1120 Lebanon Rd,Danville,KY,40422
260042,3545 Airway Dr. Suite 114,Reno,NV,89511
260051,1361 Rich Lane,Buda,TX,78610
260052,970 Reserve Dr Ste 160,Roseville,CA,95678
260056,PO BOX 1048,Nixa,MO,65714
260062,405 Virginia Avenue,Rich Creek,VA,24147
260068,230 S FRANKLIN ST STE 325,JUNEAU,AK,99801
260070,4202 Holliday Street,Warm Springs,OR,97761
270002,44 Kingston Drive Suite 135,Daleville,VA,24083
270011,526 N. 19th St,Philomath,OR,97370
270012,2100 Broadway Street,Little Rock,AR,72206
270020,4101 Wild Chaparral Drive,Shingle Springs,CA,95682
270023,2000 US 27 S,Richmond,IN,47375
270025,7085 W Waupecan Rd,Verona,IL,60479
270026,1838 Sir Tyler Drive Suite 200,Wilmington,NC,28405
270027,2929 Melrose St,Walla Walla,WA,99362
270051,6144 Calle Real 200,Goleta,CA,93117
270061,PO Box 14,Fairbury,IL,61739
270062,PO Box 636,Winthrop,WA,98862
270065,11325 Jubilee Ridge Rd.,,IL,11325
270073,16988 Sky Valley Drive,Ramona,CA,92065
270074,121 S Main Street,West Point,NE,68788
270076,416 N Center,Durand,IL,61024
270077,PO Box 416,Eagle River,WI,54521-416
270084,617 G Ave,Grundy Center,IA,50638
270090,1 Information Way  Suite 405,Little Rock,AR,72202
270096,1105 Vivian Street,Mena,AR,71953
270099,3106 CAMBELL ST,Rapid City,SD,57701
270101,PO BOX 531786,Henderson,NV,89053
270102,301 N. Main St.  Ste. 2404,Winston-Salem,NC,27104
270115,8307 E 24th St,Tucson,AZ,85710
280004,100 West Highway 24 Suite C,Salisbury,MO,65281
280011,PO Box 163,Kurten,TX,77862
280020,23120 Lankford Hwy,cape charles,VA,23310-2775
280024,30473 Mulholland Hwy,,CA,30473
280035,1030 Sandretto Dr Ste B,Prescott,AZ,86305
280042,PO Box 1042,Templeton,CA,93465
280046,PO Box 111,Berryville,AR,72616
280047,2748 S. Austin Ave.,Springfield,MO,65807
280067,1378 N. Cavalier Dr.,Alamo,TN,38001
280069,102 West 2nd Street,Leaf River,IL,61047
290004,13431 Broadway Ext Suite 120,Oklahoma City,OK,73114
290006,1705 Tower Avenue Suite 101,Superior,WI,54880
290008,PO Box 2160,Durango,CO,81302-2160
290010,95 Parker Oaks Ln,Hudson Oaks,TX,76087
290015,PO Box 704,Providence,UT,84321
290016,PO BOX 24608,Baltimore,MD,21214
290018,1222 Old Ocean City Road,Salisbury,MD,21804
290042,12113 Roxie Dr Suite 200,Austin,TX,78729
290053,203 SW 8th Ave Suite 601,Amarillo,TX,79101-3015
290057,PObox 26819,tempe,AZ,85285-6819
290065,2595 Fremont Street,Las vegas,NV,89104
290074,1100 W MAIN,RIVERTON,WY,82501
290079,6995 Corydon Junction Rd NE,New Salisbury,IN,47161
290087,1528 Country Club Rd,Harrisonburg,VA,22802
290088,PO Box 2333,San Marcos,CA,92079
290099,201 Camino de la mer,Taos,NM,87571
290103,258 S MAIN ST,ONEIDA,TN,37841
290105,147-18 N. Clark Ave,Republic,WA,99166
290106,120 S Wilson St Suite C,Vinita,OK,74301
290123,1413 Solano Street,Corning,CA,96021
300008,3609 Steven Court,Edmond,OK,73013
300010,501 Old Kyle Road  Suite 104,Wimberley,TX,78676
300016,PO Box 1429,Big Spring,TX,79721
300019,5343 E Pima St Ste 101,Tucson,AZ,85712
300020,2550 Denali St. Suite 512,Anchorage,AK,99503
300025,PO Box 1060,Green Bay,WI,54305-1060
300029,PO Box 121787,Fort Worth,TX,76121-1787
300043,822 Columbia St.,Santa Cruz,CA,95060
300057,2065 W Riverstone Dr Ste 202,Coeur d'Alene,ID,83814
300063,2922 W. Clarendon Ave.,Phoenix,AZ,85017
300066,1900 K Street NW Suite 650,Washington,DC,20006
300069,3605 LYNX MEADOW DR,PRESCOTT,AZ,86303
300074,793 US Rte 20 west,Elizabeth,IL,61028
300077,119 West Iron Ave.,Sailna,KS,67402-2221
300078,6203 Valley Hi Rd,,HI,80118
300079,8350 Broad Street Suite 1450,Tysons,VA,22102
300085,2574 Interstate Drive,Harrisburg,PA,17110
300092,460 E Main St,Fabens,TX,79838
300107,PO Box 124,Walcott,IA,52773
300111,58 East Broadway,Little Falls,MN,56345
300116,58542 Wolverine St,,MI,58542
300117,PO Box 1810,Pismo Beach,CA,93448
300120,801 S. Main Suite #1,Stillwater,OK,74074
300125,15 18th Street East,Kalispell,MT,59901
300131,402 19th St SW Ste B,Mason City,IA,50401
300137,332 South Bridge Street,Winnemucca,NV,89445
300138,81-B Gold Miner Ln,Belgrade,MT,59714
300144,1535 9th St,Florence,OR,97439
300160,3101 Jacqueline St,Wichita Falls,TX,76306
300164,424 S Main Street,Giddings,TX,79842
300169,14115 Lover's Lane,,VA,14115
300170,1051 E Cary Street Ste. 1200,Richmond,VA,23219
300171,1001 South Douglas HWY St. 201,Gillette,WY,82717
300172,5101 S. MCCOLL RD  STE. C,EDINBURG,TX,78539
300173,PO Box 1941,Apple Valley,CA,92307
300180,PO Box 236,D'Hanis,TX,78850
300181,63 E Main St,Price,UT,84501
300186,235 Alexander Ave,Ames,IA,50010
300187,285 North 4th Ave,Pocatello,ID,83201
300188,9403 11th ave,Fort Yates,ND,58538
300192,PO Box 19817,Colorado City,CO,81019
300205,33 Pathfinder Trail,Bozeman,MT,59718
310000,40 TEMPLE ST,FREDONIA,NY,14063
310014,200 N. Main Street,Salem,IN,47167
310015,251 Camarillo Ranch Road,Camarillo,CA,93012
310016,185 Main Street,Gloucester,MA,1930
310017,PO BOX 988,Spokane,WA,99210
310018,1106 E. Turner Road  Suite A,Lodi,CA,95240
310023,4600 S Ulster St Ste 1300,Denver,CO,80237
310024,343 N 3rd St,Montrose,CO,81401
310027,PO Box 3411,Sonora,CA,95370
310036,64 Automation Ln.,Bonners Ferry,ID,83805
310037,105 W. Main,Eastland,TX,76448
310052,117 S. 17th Ave Suite A,Wausau,WI,54401
310053,1110 SH 16 South,Graham,TX,76450
310059,32 Patroon Pt,Rensselaer,NY,12144
310063,2652 E Horizon Dr,Eagle Mountain,UT,84005
310065,PO Box 1115,Galt,CA,95632-1115
310066,PO BOX 1401,PO BOX 1401,LA,46352
310067,PO BOx 66831,,CA,66831
310079,9024 E Floyd Ave,Denver,CO,80231
310082,PO Box 126,Bucyrus,OH,44820
310085,1000 North Main Suite 2,Gunnison,CO,81230
310088,2820 NW Loop 286,Paris,TX,75460
310096,3321 Foster St.,SAN ANGELO,TX,76903
320007,PO Box 460,Farmington,MO,63640
320013,1816 Pappas,Laredo,TX,78041
320014,4501 West Highway 31,Corsicana,TX,75110
320018,574 Axminister Dr.,Fenton,MO,63026
320022,PO Box 168,Canon City,CO,81212
320031,D3131 Bangart Road,Stratford,WI,54484
320050,PO Box 464,Ashfield,MA,01330-464
320053,2 South Main St,Winchester,IL,62694
320055,2 Lakeview Circle  2300 US Route 66 W,SANDIA PARK,NM,87047
320056,208 Enchanted Forest Rd,Eastsound,WA,98245
320059,PO Box 192,Malad City,ID,83252
320062,61884 Commercial St. Suite B,Joshua Tree,CA,92252
320075,PO Box 127,Ravenna,NE,68869
320080,875 W 1200 S,Vernal,UT,84078
320081,605 Lincoln Blvd #330,Lincoln,CA,95648
320082,132 Coleman Road,Elkhorn City,KY,41522
320084,16590 Heim Rd.,,MI,16590
320088,6445 FM 1463 RD Suite 160 #255,Katy,TX,77494
320090,117 Public Square,Batesville,MS,38606
320091,5111 N 10th street 334,McAllen,TX,78504
320093,PO Box 2451,West Lafayette,IN,47996
320112,454 W. Stuart Road,Bellingham,WA,98226
320114,3001 N Cameron,Victoria,TX,77901
320115,2038 Sandy Drive Ste 200,State College,PA,16803
320116,3375 Koapaka St F240,Honolulu,HI,96819-9681
320117,8975 Double Diamond Parkway 9,Reno,NV,89521
320127,PO Box 30,Rupert,ID,83350
330004,PO BOX 75185,,AZ,75185
330023,2800 Cornerstone Drive B1U1,Pagosa Springs,CO,81147
330035,5435 South Dayton-Brandt Road,New Carlisle,OH,45344
330042,1004 West Oklahoma,Grand Island,NE,68801
330044,1698 Shawnee Road,Waxahachie,TX,75165
330052,PO box 1244,nederland,CO,80466
330053,PO Box 441234,Aurora,CO,80014
330054,PO Box 365,Lapwai,ID,83540
330057,1040 Bowersville Street,Royston,GA,30662
330059,756 W 3rd St,Prineville,OR,97754
330064,310 Main Ave,Gaylord,MN,55334
330071,2710 State Street,Saginaw,MI,48602
330072,24 Cove St.,Round Mountain,NV,89045-1465
330083,PO Box 1630,Delta Junction,AK,99737-1630
340001,881 E Hidalgo Ave,Raymondville,TX,78580
340002,121 Gordon LN,Tellico Plains,TN,37385
340003,1182 Odlin Road,Hermon,ME,4401
340004,229 Hwy 51,Postville,IA,52162
340029,PO Box 109,Aniak,AK,99557
340036,17213 US 69 Hwy,,MO,17213
340041,5309 Chestnut Street,Anderson,CA,96007
340042,64236 Second Avenue,Happy Camp,CA,96039
340047,PO Box 86659,Baton Rouge,LA,70879
340059,7519 Canyon Drive,Amarillo,TX,79110
340061,100 N Cuyler,Pampa,TX,79065
340066,728 Alester Ave.,Palo Alto,CA,94303
340068,119 E. Pacific Ave,Gladewater,TX,75647
340069,PO BOX 428,Siren,WI,54872
340070,2901 Society Hill Road,Opelika,AL,36804
340076,1300 Hwy 2,Wrightwood,CA,92397
340091,4 Airport Dr.,Presque Isle,ME,4769
340093,23 Elda Drive,San Rafael,CA,94903
340094,20 Meadowbrook Rd.,Cana,VA,24317
340095,204 N 9th Street,Olivia,MN,56277
340096,1130 E. Main St. #311,Ashland,OH,44805
350005,PO Box 13453,SAN LUIS OBISPO,CA,93406
350018,PO Box 242,P.O Box 242,MT,43340
350019,1600 SW Western Blvd Suite 160,Corvallis,OR,97333
350030,3860 Hammonton Smartville Road,Marysville,CA,95901
350036,PO Box 1306,Delta Junction,AK,99737-1306
350043,1903 W 35th St,Kearney,NE,68845
350055,7 Court Square,Fredericktown,MO,63645
350060,170 AirPort Road West,Fort Payne,AL,35968
350064,1298 County Road 412,Bonnots Mill,MO,65016
350071,109 N Mill,Beloit,KS,67420
350073,3259 State Route 219,Coldwater,OH,45828
350081,PO Box 1,Montoursville,PA,17754
350087,156 N. Main St.,Colville,WA,99114
350088,Rt 128 & North 6th St,Shelbyville,IL,62565
350091,779 Dogwood Rd,Asheville,NC,28806
350093,2534 Shell Rd Busn Ctr Ste B,Georgetown,TX,78628
350094,PO Box 1246,San Martin,CA,95046-1246
350100,814 E 3rd st.,Alliance,NE,69301
350105,4226 S 37th St,Phoenix,AZ,85040
350110,PO Box 246,Weaverville,CA,96093
350116,6100 Mountain Vista St  Ste 100,Henderson,NV,89014
350118,3100 E. Arlington,Ada,OK,74820
350120,PO Box 425,Corning,NY,14830
350133,1804 W. Monroe St.,Burns,OR,97720
350134,6117 Red Winery Rd.,Geyserville,CA,95441
350139,1207 Network Centre Drive Suite 3B,Effingham,IL,62401
350140,1490 Albite Road Topaz Ranch Estates,Wellington,NV,89444
350200,2838 Covemont Rd Suite 100,Sevierville,TN,37862
360010,PO Box 162,Centerton,AR,72719
360013,PO Box 312,Cade,LA,70519
360018,107 West Street Suite F #912,Stockton,MO,65785
360025,3085 Fluvanna Avenue Ext.,Jamestown,NY,14701
360030,1009 S Claremont Street,San Mateo,CA,94402
360032,1109 S Park St. Suite 504 #101,Carrollton,GA,30135
360038,556 Pershing St  #626,Craig,CO,81625
360043,1509 South Sheridan Road,Lennon,MI,48449
360061,4000 Dekalb Technology Parkway  Suite 450,Atlanta,GA,30340
360064,PO Box 921134,Dutch Harbor,AK,99692
360071,341 Independence Ave,Clinton,MO,64735
360078,251 N Villa Ave,Willows,CA,95988-2607
360080,PO Box 1196,Dolores,CO,81323
360090,12 Athol Rd,Warwick,MA,1378
360094,800 E Highway 372,Pahrump,NV,89048
360097,535 Castle St,Wells,NV,89835
360100,264 Clover Field Drive,Corbin,KY,40701
360105,1308 Apache Ave,Santa Fe,NM,87505
360111,324 Main St Floor 2,Greenfield,MA,1301
360113,115 Turner Ave,Berthoud,CO,80513
360114,850 N. Hwy 414,Mountain View,WY,82939
360115,300 Cardinal Drive Suite 110,Saint Charles,IL,60175
360117,210 Interstate North Parkway  Suite 200,Atlanta,GA,30339
360118,4216 East 50 North,kokomo,IN,46901
360119,777 1st Street #250,Gilroy,CA,95020
360122,1834 N. Court St.,Marion,IL,62959
360124,111 N 8th St,Plummer,ID,83851
360125,91 Camden St Suite 404,Rockland,ME,4841
360128,1111 S Grant Ave,Springfield,MO,65807
360134,10918 N Yellowstone Hwy,Ucon,ID,83454
370004,PO Box 1544,Brookings,OR,97415
370012,79709 Dufur Valley Road,DUFUR,OR,97021
370013,804 N Union Ave,Roswell,NM,88201
370019,14241 210th St.,Perry,IA,50220
370034,1255 W 75 N,Centerville,UT,84014
370035,1221 Ascot St,Georgetown,TX,78626
370039,PO Box 1284,Great Falls,MT,59403
370044,PO Box 2137,Johnson City,TX,78636
370048,358 WILL AND EMMA LN,CLINTWOOD,VA,24228
370065,4615 Work Right Circle Ste A,Lakeport,CA,95453
370066,10936 Westchester Dr,Lava Hot Springs,ID,83246
370067,PO Box 1100,Angola,IN,46703
370071,250 E Penny Road Suite 200,Wenatchee,WA,98801
370075,15100 State Route 71,,IL,15100
370078,PO Box 18,COLDWATER,OH,45828
370082,PO Box 10748,Palm Desert,CA,92255
370088,2919 Isaacs Ave,Walla Walla,WA,99362
370101,PO Box 8826,Columbia,SC,29202
370102,125 Toler Lane,Goreville,IL,62939
370106,809 Central Ave West,Great Falls,MT,59404
370110,PO Box 634,Blair,NE,68008
370121,900 Tamarac Pkwy # 7591,Woodland Park,CO,80863
370135,PO Box 1430,Cidra,PR,739
370138,PO Box 336,Stuart,NE,68780
370142,308 S Wilson,Liberal,MO,64762
370146,118 Broadway N  Suite 504,Fargo,ND,58102
370151,PO BOx 270013,San Juan,PR,927
370154,3580 North State Highway 83,Franktown,CO,80104
370155,3101 Ingersoll #330,Des Moines,IA,50312
370157,4419 Centennial Blvd.  #334,Colorado Springs,CO,80907
370160,4501 S Bridge,Welsaco,TX,78596
370162,3625 W US Hwy 160,Monte Vista,CO,81144
380014,2809 E Harmony Rd  Suite 310,Fort Collins,CO,80528
380038,165 Host Dale Drive,Dothan,AL,36303-3630
380039,17214 Fremont St,Esparto,CA,95627
380048,2807 W Washington Ave  Ste B-201,Yakima,WA,98903
380051,2134 N First St,Hamilton,MT,59840
380062,650 Poydras St Suite 1040,New Orleans,LA,70130
380063,3162 224th St W,Farmington,MN,55024
380064,607 N Armstrong Street,Pleasant Hill,MO,64080-1367
380069,4075 N 3500 E,Eden,UT,84310
380072,PO Box 962,Rock Springs,WY,82902
380077,PO Box 854,Gruver,TX,79040
380079,6691 Lakefront Dr,Magalia,CA,95954
380086,PO Box 280,North Newton,KS,67117
380087,411 Flemingsburg Rd,Morehead,KY,40351
380097,73602 E Cameron Ln,,WA,73602
380098,28904 Valley Center Rd.,Valley Center,CA,92082
380110,PO Box 1326,Ahoskie,NC,27910-1326
380132,100 West Washington,Newton,IL,62448
380138,PO Box 488,Judson,TX,75660
380146,1106 State Route 380,Xenia,OH,45385
380158,PO Box 576846,Modesto,CA,95357
380159,231 Gray Mountain Dr,Lyons,CO,80540
380173,4160 Suisun Valley Rd. E-352,Fairfield,CA,94534
380175,308 Pine Street,West Monroe,LA,71291
380178,1250 N. McKinley Ave.,Rensselaer,IN,47978
390002,101 Ridona St,Lafayette,LA,70508
390015,975 River Bend Rd Suite A,Frankfort,KY,40601
390033,1795 Highway 602,Tallulah,LA,71282
390034,100 S Central Ave Suite B,Pink Hill,NC,28572-2857
390048,PO Box 43,CLATSKANIE,OR,97016
390057,111 East Division Street,Amboy,IL,61310
390062,6082 Ne 46 st,Owatonna,MN,55060
390080,143 PRIVATE ROAD 4666,BOYD,TX,76023
390082,201 N High St,Waxhaw,NC,28173
390089,PO BOX 600479,Dallas,TX,75360
390099,485 E Main St,Ashland,OR,97520
390100,700 Twelfth Street,Lynchburg,VA,24504
390102,9050 BRIARCLIFT RD.,INDIANAPOLIS,IN,46256
390103,PO Box 281,Standard,CA,95373
390107,314 Vermillion St.  Suite 105,Hastings,MN,55033
390110,38 Chauncy Street Second Floor,Boston,MA,2111
390121,216 S. Vine St,El Dorado,KS,67042
390142,11336 Mouch Rd,Atlanta,MI,49709
390149,5625 W Waters Av  Suite E  Suite E,Tampa,FL,33634
390152,2607 Township Road 73 NW,Somerset,OH,43783
390155,RR 02 Box 6147,Manati,PR,674
400001,PO Box 964,Andover,KS,67002
400002,4875 SW 112th,Denton,NE,68339
400006,6526 Steeple Rock Drive,Frederick,CO,80516
400012,181 Heron lane,Beaver,WV,25813
400017,HC30 Box 159,Concho,AZ,85924
400020,209 S. Vance Street,Carey,OH,43316
400022,PO Box 325,Pangburn,AR,72121
400023,10319 N 2410 Rd,Weatherford,OK,73096
400025,PO Box 222111,El Paso,TX,79913
400026,100 Cooperative Way,Bay City,TX,77414
400027,382 S Bluff St  STE 175,St George,UT,84770
400028,PO Box 1250,Mount Sterling,KY,40353
400034,955 Rose Drive NE,PALMYRA,IN,47164
400035,1317 Grand Avenue Suite 200,Glenwood Springs,CO,81601
400037,876 1/2 Blue Star Hwy,South Haven,MI,49090
400041,11317 Moneta Road,Moneta,VA,24121
400045,4210 Kell Blvd  STE 206,Wichita Falls,TX,76309
400050,PO 9305,Chandler Heights,AZ,85127
400055,1369 Smith Ln,Londonderry,OH,45647
400056,405 N. Jefferson Ave Suite 1061,Springfield,MO,65806
400105,7133 N State Rd 337,Orleans,IN,47452
400130,404 SE Dorion STE 205,Pendleton,OR,97801
400137,12450 Wayzata Blvd. Suite 315,Minnetonka,MN,55305-1978
410005,175 Ave A NW,Winter Haven,FL,33881
410025,109 N. Sanders St.,Ridgecrest,CA,93555
410031,6815 Euclid Ave.,Cleveland,OH,44103
410034,211 Overland Dr.,Ward,CO,80481-9538
410054,8105 w I-25 Frontage RD unit 9,Fredrick,CO,80516-8051
410058,3700 Golden Spur Street,Lake Isabella,CA,93240
410063,2211 Elk River Road,Steamboat Springs,CO,80487
410066,1725 US Hwy 12 STE 100,Litchfield,MN,55355
410073,143 Erie Street,Wellington,OH,44090
410076,PO Box 742,Grand Junction,CO,81502
410077,PO Box 307,Canton,MS,39046
410084,400 South Sycamore St,Harrison,AR,72601
410086,9956 Mill Creek Hollow Rd,Mill Creek,PA,17060
410090,214 SE Boundary St.,Browning,MT,59417
410092,27515 Enterprise Circle W.,Temecula,CA,92590
410121,1441 Main St  137,Ramona,CA,92065
410125,23 Prince st,Fredericksted,VI,841
410131,801 BROADWAY ST,Minden,LA,71055
410132,415 S Washington St.,Fredericksburg,TX,78624
410135,39250 Pioneer Blvd,Sandy,OR,97055
410136,PO Box 554,Alpharetta,GA,30009
410138,2615 Joppa Rd,York,PA,17403
410139,2532 Benzie Hwy.,Benzonia,MI,49617
410141,PO Box 81,Kasson,MN,55944
410143,303 N Washington St,Berkeley Springs,WV,25411
410145,PO Box 21371,San Juan,PR,928
410151,109 S 10th St,Lexington,MO,64067
410155,330 Intertech Parkway,Angola,IN,46703
410159,245 E Co Rd 200 N,,CO,47037
410160,102 warbler,ackley,IA,50601
410165,12199 Sweet Springs Valley Rd,Gap Mills,WV,24941
410168,35 MARYBILL DR,TROY,OH,45373
410180,PO BOX 537,Rancho Murieta,CA,95683
410182,525 Ave. Jose A. Cedeno, Arecibo,PR,612
410183,145 Cottman Ln,Winchester,KY,40391
410184,1791 O.G. Skinner Dr,West Point,GA,31833
410188,13721 S Mount Shaggy Dr.,,UT,13721
410190,205 Windco Cir.  Suite #200B,Wylie,TX,75098
410192,109 S. First Street,Roslyn,WA,98941
420004,Paloma 479 Urb. Los Montes,Dorado,PR,646
420027,316 E. Broadway St,Monett,MO,65708
420029,3579 N. Hwy 63,West Plains,MO,65775
420041,1560 REAVESVILLE ROAD,BOWDON,GA,30108
420042,4706 CHIQUITA BLVD S STE200 PMB400,CAPE CORAL,FL,33914
420045,11201 N Tatum Blvd,,AZ,11201
420058,PO Box 877,Virginia City,NV,89440
420061,358 S 700 E STE B-202,SALT LAKE CITY,UT,84102
420064,HC 9 BOX 13076,AGUADILLA,PR,00603-9326
420067,107 meadowlark dr,Nicholasville,KY,40356
420069,PO Box 1122,Searcy,AR,72145-1122
420080,HC 3 Box 7998,Barranquitas,PR,794
420084,1612 Barataria Blvd,Marrero,LA,70072
420091,C/ Dr. Vidal Urb. Gomez #3,Humacao,PR,791
420099,305 N Main St,Christiansburg,OH,45389
420101,234 Whitmire Rd,West Sunbury,PA,16061
420110,773 Park Avenue,Stevensville,MT,59870
420116,515 Regina Ave,Cumberland,MD,21502
420117,116 Broad Street Suite C,Marion,VA,24354
420129,2761 Paw Print Way,Castle Rock,CO,80109
420139,1641 NW 11 avenue,homestead,FL,33030
420145,17 Horn Road,Cecilia,KY,42724
420146,5502 US Highway 59 N,Victoria,TX,77905
420150,1612 N 20th St,Aberdeen,SD,57401
420173,135 Lake Street South  Suite 1000,Kirkland,WA,98033
420175,1311 Vantage Highway,Ellensburg,WA,98926
420178,3217 E Carson St #211,Lakewood,CA,90712
420181,4747 W. 48th Street,Fremont,MI,49412
420186,951 Deer Creek Cir,Dripping Springs,TX,78620
420187,103 Lincoln Street,Rush Center,KS,67575
430010,PO Box 586,Bayfield,WI,54814
430011,PO Box 1268,Port Orford,OR,97465
430013,784-04 CO RD 102 RR 2 15917 County Rd 5-102,AVA,MO,65608
430014,155 CALLE CARAZO APT 107,GUAYNABO,PR,971
430019,297 Kingsbury Grade Suite 208,Stateline,NV,89449
430026,10021 Hickman Road,,IA,10021
430034,1945 Deer Creek Rd Unit 108,Monument,CO,80132
430035,3530 Foster Rd.,Foster,WV,25081
430044,4 Calle Villaronga,Barranquitas,PR,00794-1613
430055,728 N Scenic Hwy,Lake Wales,FL,33853
430061,902 South Broadway Avenue,Oak Grove,MO,64075
430062,PO Box 702,North Branch,MI,48461
430065,1481 Marshall Ave,St. Paul,MN,55104
430066,1811 SW E Ave,Lawton,OK,73501
430074,carr #2 km 119.2 Bo Ceiba Baja,Aguadilla,PR,603
430079,445 Kauffman Ln,Northumberland,PA,17857
430080,2051 W. Cessna Way,Tucson,AZ,85755
430082,110 Private Road 8130,Bronson,TX,75930
430085,8223 US Highway 60,Mountain View,MO,65548
430088,PO Box 1069,Tatum,TX,75691
430089,845 SE Mosher Ave,Roseburg,OR,97470
430090,4250 Hancock Expy,Colorado Springs,CO,80911
430099,PO Box 2679,Lyons,CO,80540
430100,32 E. Alisal Rd Suite 210,Salinas,CA,93901
430110,3111 Hwy 67,Corning,AR,72422
430130,PO Box 125,Odell,OR,97044
430139,5171 Ward Rd Unit 1,Wheat Ridge,CO,80033
430175,663 Main Avenue East,Twin Falls,ID,83301
430176,9711 Fuesser Road,Mascoutah,IL,62258
430178,7039 Beacon Dr,Grand Prairie,TX,75054
430186,Ave. Emerito Estrada Rivera #1976,San Sebastian,PR,685
430193,304 S. Franklin St.,Red Lion,PA,17356
430198,172 Rt 28,Inlet,NY,13360
430199,Carr 694 KM0 HM4 Sector Monterey Suite #1 Plaza Santa Ana,Vega Alta,PR,692
430204,1202 Plank Road St. Joseph,SAINT JOSEPH,LA,71366
430219,2682 Hubert Smith Dr,Bonifay,FL,32425
430222,5 Milk Street  Suite 420,Portland,ME,4101
430224,PO Box 140614,Arecibo,PR,614
430226,Carr. 159 Km 9.5 Bo. Padilla Sec El Empalme,Corozal,PR,783
430230,2329 Salado St,Denton,TX,76209
430232,772 Collins Road,Dothan,AL,36305
430234,LA LOMA 180 CARR 194 APT 315,FAJARDO,PR,738
430237,Carr. 569 KM. 6.6 Bauta Arriba,Orocovis,PR,720
440000,PO Box 290,6100 Hwy 16,DE,76444
440029,1 E Sheridan Ave Ste 600,Oklahoma City,OK,73104
440039,PO Box 368,McFarland,WI,53558
440062,11303 Aurora Ave,Urbandale,IA,50322
440077,2075 S Pioneer Rd  Suite B,Salt Lake City,UT,84104
440114,445 Nickel St,Greenville,PA,16125
440116,2550 S Santan Village Parkway,Gilbert,AZ,85295
440117,27492 TX-95,,TX,27492
440119,7582 County Road 19,Demopolis,AL,36732
440121,1401 Presque Isle Ave.,Marquette,MI,49855
440123,6303 NC Highway 22 N,Climax,NC,27233
440124,9095 SW 9th Ter,Ocala,FL,34476
440127,111 S. Main Street,Waupaca,WI,54981
440128,1622 4th Street,Peru,IL,61354
440141,PO Box 243,Ukiah,CA,95482
440142,3929 Airport Blvd STE 3-308,Mobile,AL,36609
440144,PO Box 172,Floresville,TX,78114
440145,PO Box 361708,San Juan,PR,00936-1708
440148,311 East Ste. Maries,Perryville,MO,63775
440150,PO Box 237,Buckhannon,WV,26201
440152,16343 Conneaut Lake Road,,PA,16343
440156,209 E North 1st ST,Seneca,SC,29678
440159,224 W. Washington,Sequim,WA,98382
440162,1930 5th St Suite C,Davis,CA,95616
440167,172 Mable Road,Alpena,MI,49707
440171,20 Sylva Plaza,Sylva,NC,28779
440175,96 Professional Parkway,Troy,MO,63379
440179,1915 E TYLER ST,BROWNSVILLE,TX,78526
440183,27933 Road P,,CO,27933
440193,100 Pine Ave 103 Pine Ave,Brodhead,KY,40409
440195,269 Glen Drive,Wharton,WV,25208
440198,100 N. Roland,McBain,MI,49657
440200,PO Box 30560,,MD,30560
440203,4630 50th Street,Amarillo,TX,79414
450007,75 Trackside Circle,Grantsville,UT,84029
450015,427 Millionaire Dr W,Boulder,CO,80302
450041,2233 University Ave W  Suite 450,St. Paul,MN,55114
450044,1103 N 1600 W,LAYTON,UT,84041
450046,1007 Hwy 136 W,Monroeville,AL,36460
450048,PO Box 1019,Waxahachie,TX,75168
450050,1440 N 2nd Ave,Ajo,AZ,85321
450052,825 E. Sarah De Witt,Gonzales,TX,78629
450061,Urb. Estancias De Carmelina Calle 4 C11,Trujillo Alto,PR,976
450064,760 east hathaway ave,bronson,FL,32621
450082,102 E Washington Ave,Navasota,TX,77868
450085,311 Woodcock Rd,Plainfield,VT,05667-9579
450089,9782 Jones Road,Mountain Iron,MN,55768
450106,PO BOX 416,Hartford,AL,36344
450109,POBox 239,Georgetown,MD,21930
450113,722 N. California St  Suite 4,Socorro,NM,87801
450117,9480 Route 422 Hwy W,Shelocta,PA,15774
450128,1900 Macedonia Rd,Morristown,TN,37814
450129,3105 Lincoln Highway East,Paradise,PA,17562
450135,PO Box 1314,Point Reyes Station,CA,94956
450136,808 Fernandez Juncos Ave.,San Juan,PR,907-4314
450155,5100 B Pierce Ct.,Evans,GA,30809
450162,174 Calle Marginal City,Santa Isabel,PR,00757†
450172,PO Box 865,Rolla,MO,65401
460000,24700 Northwestern Hwy,,MI,24700
460009,920 W Highway St,Jetmore,KS,67854
460012,11720 COUNTY ROAD 3570,,OK,11720
460013,PO Box 2400  Suite 178,Aibonito,PR,705
460027,106 Power Drive,Pikeville,KY,41501
460031,PO Box 6,Escalon,CA,95320
460033,166 Boulder Drive  106B,Fitchburg,MA,1420
460037,1300 Greenbriar,Kinston,NC,28501
460039,HC 60 Box 4690-1,Delta Junction,AK,99737
460042,487 Holly Drive,Homerville,GA,31634
460045,1301 Vandiver Dr.  Suite K,Columbia,MO,65202
460046,PO Box 510,Dulce,NM,87528
460052,PO Box 1139,Sagle,ID,83860
460053,10700 Ford Street Box 2445,,CA,10700
460054,23840 Dequindre Rd,,MI,23840
460057,4820 She-Nah-Num Dr se,Olympia,WA,98513
460061,Calle Americo Hernandez #14,Moca,PR,676
460062,1211 W 36th N,Tulsa,OK,74127
460066,PO BOX 5015 PMB 124,San Lorenzo,PR,754
460070,PO Box 5442,Caguas,PR,00726-5442
460073,14671 South 1690 West,,UT,14671
460076,33280 Winnemac Rd,,OH,33280
460083,1008 Avenue F,Plains,TX,79355
460084,307 Sw 11th St,Seminole,TX,79360
460086,1116 avenida munoz rivera  ,Ponce,PR,717
460087,2001 L Street  NW  Suite 400,Washington,DC,20036
460089,2347 Curtis Street,Denver,CO,80205
460091,PO box 1194,San Sebastian,PR,685
460092,3301 N Thanksgiving Way Suite #100,Lehi,UT,84043
460093,PO BOX 356,WHITEWATER,WI,53190
460094,25 North 200 West,Henefer,UT,84033
460099,17375 US Highway 70,,OK,17375
460100,627 W Centennial Ave,Carthage,MO,64836
460104,162 White Oak Road  Suite R,Santa Ynez,CA,93460
460511,7000 E Belleview Ave  Suite 250,Greenwood Village,CO,80111
460515,411 W. Flint St.,Davison,MI,48423
460531,8447 SW 99th Street Rd,Ocala,FL,34481
460569,206 Sampson Road,Waterford,OH,45786
460582,8 E BROADWAY ST #550,Salt Lake City,UT,84111
460584,267 Whitten Rd,Hallowell,ME,4347
460596,1876 Moores Lane,West Portsmouth,OH,45663
460598,30030 Mission Blvd,,CA,30030
460604,2444 Carr. 100,Cabo Rojo,PR,00623-4470
460615,440 W 200 N  Unit 6,Bountiful,UT,84010
460616,PO box 398,Blue Eye,MO,65611
460625,3810 W Idaho Blvd,Emmett,ID,83617
460630,8428 W. Gage Blvd  Suite F,Kennewick,WA,99336
460632,354 River St.,Springfield,VT,5156
460637,16255 Grant St,,IL,16255
460638,1137 N 4220 Rd,Hugo,OK,74743
460646,200 Village Road,Midway,GA,31320
460660,1400 Broadfield Blvd Suite 200,Houston,TX,77084
460662,13626 Savanna Dr,,IL,13626
460668,555 Main St,Meeker,CO,81641
460679,111 Mulberry Street  Suite LL,Newark,NJ,7102
460685,5610 E La Palma Ave,,LA,92807
470009,PO Box 300,Ochelata,OK,74051
470029,S Hwy 71  nullS Hwy 71,Jackson,MN,56143
470044,280 E Wood Road,Rensselaer,IN,47978
470048,5476 Ignacio Frias Dr,El Paso,TX,79934
470052,PO Box 112,Camargo,IL,61919
470062,5780 Fox Tr,Florence,MT,59833
470070,4730 S. FORT APACHE RD SUITE 300,Las Vegas,NV,89147
470073,111 W Ocean Blvd  4th Floor,Long Beach,CA,90802
470078,1809 Main St,Baker City,OR,97814
470079,319 Calle Primavera,319 Calle Primavera,LA,
470109,14817 W. Hwy 53,,ID,14817
470111,1477 Hills Road,Newburgh,IN,47630
470112,Calle Maceo #4,Bayamon,PR,960
470113,103 W 10th ST,METROPOLIS,IL,62960
470122,PO Box 2732,Yakima,WA,98907
470129,6195 Ford Wellpinit Road,Wellpinit,WA,99040
470133,769 E Country Club Dr,Benson,AZ,85602
480015,4002 W 8th St.,Yankton,SD,57078
480023,Carr 829 km 6.3,Bayamon,PR,956
480033,3437 Ave Militar,Isabela,PR,662
480039,14 Joans Court,Chestertown,NY,12817
480097,2221 Justice St,Monroe,LA,71201
480116,500 Big A Rd,Toccoa,GA,30577
480118,100 Throckmorton  Suite 1630,Fort Worth,TX,76102
480120,1706 2nd St,Cheney,WA,99004
490004,208 Pelican Ridge Cv,Carencro,LA,70520
490006,4813 Bob Wills Dr,Fort Worth,TX,76244
490008,216 W 26th Street,Bryan,TX,77803
490011,PO Box 25,Monroe,OK,74947
490033,2590 S. Zephyr Ct.,,CT,80227
490062,977 West 100 North,Blackfoot,ID,83221
490066,PO Box 246,Hubbard,OH,44425
490071,57280 Yucca Trail #2522,,CA,57280
500013,5900 Balcones Dr STE 100,Austin,TX,78731
500027,21214 Babcock Rd,,TX,21214
500028,7406 NE 330th Street,,NE,64429
500031,3120 Southwest Fwy,Ste 101,TX,70643
500039,2585 Millennium Dr  Suite G,Elgin,IL,60123
500040,PO Box 1306,Craig,CO,81626
500043,11646 Ney Avenue,,LA,11646
500079,4722 Calle Elegante,Tucson,AZ,85748
500080,1901 Sunset Drive,Poplar Bluff,MO,63901
